,Date,Open,Low,High,Close,Volume
0,2017-08-16,4261.48,4200.74,4485.39,4285.08,795.150377
1,2017-08-17,4285.08,3938.77,4371.52,4108.37,1199.888264
2,2017-08-18,4108.37,3850.0,4184.69,4139.98,381.309763
3,2017-08-19,4120.98,4032.62,4211.08,4086.29,467.083022
4,2017-08-20,4069.13,3911.79,4119.62,4016.0,691.74306
5,2017-08-21,4016.0,3400.0,4104.82,4040.0,966.684858
6,2017-08-22,4040.0,4013.89,4265.8,4114.01,1001.136565
7,2017-08-23,4147.0,4085.01,4371.68,4316.01,787.418753
8,2017-08-24,4316.01,4247.48,4453.91,4280.68,573.61274
9,2017-08-25,4280.71,4212.41,4367.0,4337.44,228.108068
10,2017-08-26,4332.51,4285.54,4400.0,4310.01,350.692585
11,2017-08-27,4310.01,4124.54,4399.82,4386.69,603.841616
12,2017-08-28,4353.65,4313.55,4625.85,4587.48,603.545028
13,2017-08-29,4564.52,4416.01,4647.51,4555.14,808.468771
14,2017-08-30,4555.14,4555.14,4745.42,4724.89,556.956802
15,2017-08-31,4689.89,4654.88,4885.55,4834.91,560.666366
16,2017-09-01,4796.16,4286.87,4939.19,4472.14,929.148595
17,2017-09-02,4508.5,4298.33,4714.76,4509.08,691.216198
18,2017-09-03,4505.0,3972.51,4527.49,4100.11,1394.644614
19,2017-09-04,4106.97,3603.0,4484.99,4366.47,1228.938157
20,2017-09-05,4366.49,4335.26,4662.87,4619.77,807.363726
21,2017-09-06,4619.77,4438.19,4788.59,4691.61,500.429975
22,2017-09-07,4691.66,4028.93,4735.39,4282.8,1132.255046
23,2017-09-08,4282.8,4150.06,4426.62,4258.81,658.782952
24,2017-09-09,4258.81,3801.0,4283.0,4130.37,660.373275
25,2017-09-10,4153.62,4098.91,4334.43,4208.47,699.989065
26,2017-09-11,4208.6,4040.8,4394.59,4163.72,879.630319
27,2017-09-12,4159.72,3760.0,4165.38,3944.69,913.462545
28,2017-09-13,3944.0,3165.13,3993.0,3189.02,1665.021543
29,2017-09-14,3188.01,2817.0,3856.0,3700.0,1968.866492
30,2017-09-15,3674.01,3470.66,3950.0,3714.95,1297.563953
31,2017-09-16,3685.23,3499.02,3748.21,3699.99,682.17121
32,2017-09-17,3690.0,3690.0,4123.2,4035.01,1030.006455
33,2017-09-18,4060.0,3830.91,4089.97,3910.04,902.332129
34,2017-09-19,3910.04,3820.0,4046.08,3900.0,720.935076
35,2017-09-20,3889.99,3567.0,3910.0,3609.99,1001.654084
36,2017-09-21,3592.84,3505.55,3750.0,3595.87,838.966425
37,2017-09-22,3595.88,3542.91,3817.19,3780.0,752.792791
38,2017-09-23,3779.54,3622.76,3789.99,3660.02,661.63639
39,2017-09-24,3660.02,3653.69,3979.87,3920.75,727.994713
40,2017-09-25,3928.0,3850.05,3976.99,3882.35,526.727987
41,2017-09-26,3882.36,3872.81,4249.94,4193.0,628.170966
42,2017-09-27,4192.11,4101.0,4300.0,4174.5,849.785325
43,2017-09-28,4178.98,3952.01,4263.86,4174.69,1602.309565
44,2017-09-29,4175.0,4138.1,4380.0,4378.51,720.353183
45,2017-09-30,4378.49,4240.04,4406.52,4378.48,726.963685
46,2017-10-01,4400.0,4360.0,4561.63,4380.0,655.756974
47,2017-10-02,4380.0,4180.8,4467.33,4310.0,1082.323563
48,2017-10-03,4314.9,4142.0,4373.0,4208.59,868.465101
49,2017-10-04,4208.59,4110.0,4355.0,4292.43,779.138638
50,2017-10-05,4318.99,4292.0,4417.0,4369.0,506.529176
51,2017-10-06,4369.0,4312.56,4479.5,4423.0,297.5975
52,2017-10-07,4425.0,4425.0,4658.0,4640.0,518.462004
53,2017-10-08,4640.0,4550.0,4889.98,4786.95,646.463145
54,2017-10-09,4786.95,4680.59,4960.0,4783.06,1043.221773
55,2017-10-10,4783.06,4710.0,4881.61,4821.43,753.429396
56,2017-10-11,4821.43,4810.16,5439.99,5430.0,1276.701482
57,2017-10-12,5439.99,5379.84,5846.17,5649.98,1879.82762
58,2017-10-13,5650.0,5580.01,5900.0,5869.99,970.759046
59,2017-10-14,5855.03,5400.01,5922.3,5709.99,1343.523375
60,2017-10-15,5710.0,5585.19,5788.91,5760.02,1528.996462
61,2017-10-16,5760.0,5508.63,5774.98,5595.0,1429.869376
62,2017-10-17,5595.0,5037.95,5596.0,5512.06,2317.804373
63,2017-10-18,5513.0,5490.26,5710.0,5683.9,1881.722107
64,2017-10-19,5683.31,5600.0,6110.0,6010.01,1972.97722
65,2017-10-20,6013.72,5850.03,6171.0,6024.97,1664.307693
66,2017-10-21,6003.27,5720.03,6060.0,5950.02,1362.092216
67,2017-10-22,5975.0,5621.03,6080.0,5915.93,1812.557715
68,2017-10-23,5909.47,5450.0,5925.0,5477.03,2580.418767
69,2017-10-24,5506.92,5286.98,5704.96,5689.99,2282.813205
70,2017-10-25,5670.1,5650.0,5939.99,5861.77,1972.965882
71,2017-10-26,5861.77,5649.24,5980.0,5768.83,1403.706416
72,2017-10-27,5768.79,5630.03,5850.02,5719.64,1276.754412
73,2017-10-28,5709.98,5648.01,6189.88,6169.98,1804.778173
74,2017-10-29,6133.01,6030.0,6248.68,6120.5,1473.687043
75,2017-10-30,6120.52,6100.0,6498.01,6463.0,1511.774925
76,2017-10-31,6463.0,6338.02,6774.67,6753.98,1675.615188
77,2017-11-01,6753.98,6685.1,7300.0,7019.98,2503.610803
78,2017-11-02,7010.31,6923.0,7346.34,7115.04,1891.497592
79,2017-11-03,7115.02,6901.0,7480.99,7357.09,1399.191767
80,2017-11-04,7357.27,7279.02,7590.25,7345.01,1207.83233
81,2017-11-05,7345.1,6906.0,7401.0,6960.12,1763.019261
82,2017-11-06,6981.72,6901.0,7198.49,7064.04,1440.259494
83,2017-11-07,7070.0,6651.0,7770.02,7303.0,2822.298802
84,2017-11-08,7303.01,7015.0,7392.0,7079.99,1913.398308
85,2017-11-09,7079.0,6255.01,7279.91,6506.98,3254.704105
86,2017-11-10,6503.0,6100.0,6797.98,6245.05,2754.156861
87,2017-11-11,6245.05,5325.01,6630.0,5811.03,4968.483069
88,2017-11-12,5839.94,5699.99,6697.47,6465.99,2621.243039
89,2017-11-13,6465.99,6311.07,6684.98,6574.99,1254.292531
90,2017-11-14,6575.99,6575.99,7298.0,7240.06,1779.605845
91,2017-11-15,7240.14,7076.0,7940.0,7864.5,2331.95675
92,2017-11-16,7876.98,7451.0,7989.0,7699.19,3982.395925
93,2017-11-17,7680.01,7422.0,7819.99,7761.94,3954.266477
94,2017-11-18,7761.94,7650.33,8123.15,8038.0,3867.340444
95,2017-11-19,8057.11,7954.0,8319.99,8212.0,3886.634348
96,2017-11-20,8212.49,7801.0,8400.0,8119.51,4544.474016
97,2017-11-21,8091.09,8091.09,8322.68,8205.92,3545.00571
98,2017-11-22,8233.03,8000.0,8260.0,8019.99,4093.952687
99,2017-11-23,8019.97,7850.0,8369.0,8138.0,4411.789112
100,2017-11-24,8138.99,8090.0,8734.78,8700.01,4292.623682
101,2017-11-25,8700.04,8604.72,9350.0,9128.02,4147.380237
102,2017-11-26,9128.0,9112.04,9654.28,9650.0,4521.625707
103,2017-11-27,9650.0,9570.5,9939.0,9896.8,4917.210985
104,2017-11-28,9896.79,8520.0,11300.03,9687.88,13352.538715
105,2017-11-29,9687.88,8850.8,10900.0,9838.96,9389.574329
106,2017-11-30,9837.0,9380.0,10898.0,10782.99,6134.923633
107,2017-12-01,10775.04,10620.0,11190.0,10890.01,4765.439757
108,2017-12-02,10902.69,10500.0,11825.0,11165.41,5346.636524
109,2017-12-03,11165.41,10802.0,11600.0,11579.0,4663.424562
110,2017-12-04,11571.03,11447.68,11853.0,11699.99,5550.732055
111,2017-12-05,11699.99,11665.58,13615.23,13550.05,6707.946319
112,2017-12-06,13541.01,13050.0,16649.96,16599.0,7487.065695
113,2017-12-07,16599.0,14015.0,17204.99,15880.0,17589.013136
114,2017-12-08,15880.01,12535.0,16269.3,14656.07,13918.758687
115,2017-12-09,14664.01,12368.0,15720.12,14899.98,16553.037173
116,2017-12-10,14946.26,14901.08,17470.0,16587.97,11820.401762
117,2017-12-11,16587.97,15875.0,16976.45,16349.99,9436.802411
118,2017-12-12,16349.99,14666.56,16546.0,16033.29,12416.328801
119,2017-12-13,16030.34,15450.0,16445.0,16334.98,11616.867151
120,2017-12-14,16334.98,16298.45,17991.0,17539.83,9181.273947
121,2017-12-15,17516.81,17190.01,19539.0,19102.66,4202.628709
122,2017-12-16,19120.19,18510.0,19798.68,18860.02,9177.183434
123,2017-12-17,18860.04,17029.98,19300.0,18856.25,10624.633071
124,2017-12-18,18856.25,16300.0,18950.0,17295.2,13210.74822
125,2017-12-19,17295.2,14777.66,17720.35,16488.98,13450.496693
126,2017-12-20,16480.52,14022.0,17309.5,15492.64,20324.2173
127,2017-12-21,15514.03,10961.0,15699.34,13326.61,36076.271175
128,2017-12-22,13326.61,12978.18,14950.0,13300.0,13141.538875
129,2017-12-23,13300.0,11640.0,13819.99,13500.0,28557.534988
130,2017-12-24,13500.0,12708.0,14300.0,13699.34,15748.207607
131,2017-12-25,13699.34,13533.0,16050.0,15689.01,15034.668104
132,2017-12-26,15709.98,14200.15,16498.05,15459.99,14959.864723
133,2017-12-27,15459.97,13150.0,15539.99,14182.11,21717.858014
134,2017-12-28,14199.14,13850.0,14981.0,14378.9,18072.008116
135,2017-12-29,14378.99,11750.0,14398.85,12440.01,19221.158039
136,2017-12-30,12345.1,12149.98,14050.11,13716.36,11768.989718
137,2017-12-31,13715.65,12750.0,13818.55,13380.0,8609.915844
138,2018-01-01,13382.16,12890.02,15473.49,14675.11,20078.092111
139,2018-01-02,14690.0,14150.0,15307.56,14919.51,15905.667639
140,2018-01-03,14919.51,13918.04,15280.0,15059.54,21329.649574
141,2018-01-04,15059.56,14600.0,17176.24,16960.39,23251.491125
142,2018-01-05,16960.39,16011.21,17143.13,17069.79,18571.457508
143,2018-01-06,17069.79,15610.0,17099.96,16150.03,12493.125558
144,2018-01-07,16218.85,12812.0,16322.3,14902.54,26600.609912
145,2018-01-08,14902.54,14011.05,15500.0,14400.0,14315.004253
146,2018-01-09,14401.0,13131.31,14955.66,14907.09,17411.001655
147,2018-01-10,14940.0,11400.0,14968.68,13238.78,33554.723751
148,2018-01-11,13238.76,12500.0,14109.78,13740.01,16417.162137
149,2018-01-12,13749.95,13706.15,14580.0,14210.0,12221.508528
150,2018-01-13,14210.0,12569.2,14339.5,13474.99,17017.894329
151,2018-01-14,13477.98,13147.79,14249.99,13539.93,14652.094705
152,2018-01-15,13500.0,9035.0,13542.93,10900.0,63401.169175
153,2018-01-16,10899.99,9037.94,11680.99,10988.79,72331.796646
154,2018-01-17,10972.59,10435.33,11878.82,10961.97,48464.434937
155,2018-01-18,10960.0,10360.0,11795.0,11474.98,34129.375421
156,2018-01-19,11474.98,11412.45,13099.0,12799.94,28768.857827
157,2018-01-20,12799.8,10965.0,12799.8,11530.0,41379.773426
158,2018-01-21,11530.0,9900.24,11926.35,10760.05,43752.606791
159,2018-01-22,10760.05,9905.0,11399.0,10799.18,37473.922552
160,2018-01-23,10799.14,10500.0,11570.48,11349.99,27158.587762
161,2018-01-24,11349.96,10950.21,11794.05,11175.27,20839.954183
162,2018-01-25,11184.7,10311.15,11643.0,11089.0,33056.87196
163,2018-01-26,11089.0,10842.69,11650.0,11491.0,18860.768345
164,2018-01-27,11499.98,11408.0,12244.0,11879.95,16887.339524
165,2018-01-28,11879.95,11139.55,11975.02,11251.0,14170.377538
166,2018-01-29,11250.11,9900.0,11308.42,10237.51,25554.372946
167,2018-01-30,10230.0,9700.0,10425.85,10285.1,18015.956805
168,2018-01-31,10285.1,8750.99,10335.0,9224.52,33564.764311
169,2018-02-01,9224.52,8010.02,9250.0,8873.03,49971.626975
170,2018-02-02,8873.03,8229.0,9473.01,9199.96,28725.000735
171,2018-02-03,9199.96,7930.0,9368.0,8184.81,32014.308449
172,2018-02-04,8179.99,6625.0,8382.8,6939.99,63403.182579
173,2018-02-05,6939.63,6000.01,7878.0,7652.14,100201.500307
174,2018-02-06,7655.02,7150.01,8476.0,7599.0,60778.460497
175,2018-02-07,7599.0,7572.09,7844.0,7784.02,1521.537318
176,2018-02-08,7789.9,7789.9,8738.0,8683.92,20482.910825
177,2018-02-09,8683.93,8120.0,9065.78,8533.98,49381.512653
178,2018-02-10,8533.99,7726.53,8549.0,8063.88,45025.187952
179,2018-02-11,8063.82,8053.0,8989.0,8903.0,41987.85049
180,2018-02-12,8903.0,8351.0,8950.0,8539.9,35454.972956
181,2018-02-13,8535.17,8533.0,9489.6,9449.99,40811.952867
182,2018-02-14,9449.98,9301.5,10219.5,10000.09,52427.596715
183,2018-02-15,10000.89,9666.0,10323.37,10159.98,38161.205974
184,2018-02-16,10156.07,10050.0,11075.07,11039.55,41882.108407
185,2018-02-17,11039.55,10080.0,11274.0,10383.43,61137.380728
186,2018-02-18,10375.01,10270.33,11250.0,11153.0,40831.417131
187,2018-02-19,11147.11,11100.59,11786.01,11200.99,48153.354288
188,2018-02-20,11195.07,10200.0,11304.03,10437.6,68113.818754
189,2018-02-21,10439.02,9679.0,10933.44,9811.04,67060.166483
190,2018-02-22,9815.55,9570.19,10435.0,10131.04,57202.70237
191,2018-02-23,10131.04,9352.0,10496.97,9694.51,40888.156299
192,2018-02-24,9694.51,9274.8,9847.0,9590.0,28373.517586
193,2018-02-25,9590.0,9350.0,10444.32,10324.0,34878.292756
194,2018-02-26,10321.0,10121.0,10870.0,10569.04,30705.385123
195,2018-02-27,10584.33,10300.0,11098.0,10326.76,30800.983782
196,2018-02-28,10325.64,10240.0,11060.41,10920.0,25092.55393
197,2018-03-01,10923.36,10770.0,11200.0,11039.0,23910.71009
198,2018-03-02,11038.99,11015.01,11544.0,11464.48,21287.15328
199,2018-03-03,11464.47,11050.02,11565.0,11515.0,17295.918653
200,2018-03-04,11515.0,11415.01,11710.0,11454.0,15144.231063
201,2018-03-05,11455.0,10555.48,11455.0,10716.48,29515.572363
202,2018-03-06,10716.48,9389.31,10899.0,9910.0,50647.67108
203,2018-03-07,9910.0,9060.0,10099.0,9271.64,41109.473226
204,2018-03-08,9267.07,8329.0,9410.0,9227.0,64112.291407
205,2018-03-09,9230.0,8667.07,9490.0,8770.22,37180.012857
206,2018-03-10,8770.22,8450.0,9740.0,9533.57,44325.973386
207,2018-03-11,9533.57,8780.0,9888.88,9131.34,42230.77793
208,2018-03-12,9131.34,8823.0,9474.0,9150.0,40191.409358
209,2018-03-13,9151.92,7900.28,9333.78,8170.0,49708.094108
210,2018-03-14,8184.01,7650.0,8430.0,8240.98,52291.022277
211,2018-03-15,8240.98,7900.0,8611.64,8260.0,38815.409893
212,2018-03-16,8260.0,7721.99,8348.62,7824.8,33110.206329
213,2018-03-17,7824.01,7322.0,8317.4,8189.99,59488.231711
214,2018-03-18,8189.0,8088.4,8705.23,8600.0,55297.084942
215,2018-03-19,8595.01,8280.0,9050.0,8909.98,44865.105835
216,2018-03-20,8909.96,8750.6,9177.01,8885.0,39972.405371
217,2018-03-21,8884.82,8465.1,9100.0,8722.9,40617.556809
218,2018-03-22,8720.0,8269.0,8909.0,8898.03,39991.007666
219,2018-03-23,8898.04,8491.0,8999.95,8546.86,35466.609572
220,2018-03-24,8531.25,8365.77,8669.85,8470.15,29001.769316
221,2018-03-25,8470.14,7831.0,8514.89,8134.23,44033.59566
222,2018-03-26,8134.22,7730.0,8215.94,7795.51,37427.64805
223,2018-03-27,7795.51,7728.0,8109.0,7949.3,26401.33167
224,2018-03-28,7949.3,6941.11,7975.0,7090.14,54620.915125
225,2018-03-29,7090.16,6600.1,7292.43,6840.23,65306.031976
226,2018-03-30,6840.24,6777.0,7223.36,6923.91,36868.539087
227,2018-03-31,6922.0,6430.0,7049.98,6813.01,44071.430463
228,2018-04-01,6813.01,6765.0,7125.0,7056.0,32123.560072
229,2018-04-02,7063.97,7011.01,7520.0,7405.21,37787.331811
230,2018-04-03,7405.21,6707.0,7427.52,6796.1,42227.183804
231,2018-04-04,6796.1,6566.69,6902.0,6770.76,39029.73146
232,2018-04-05,6770.0,6500.0,6850.0,6601.39,27455.01192
233,2018-04-06,6601.39,6586.28,7070.0,6895.8,32269.578267
234,2018-04-07,6895.81,6880.0,7109.13,7018.0,21427.673165
235,2018-04-08,7011.04,6611.0,7185.0,6782.72,34078.297206
236,2018-04-09,6781.55,6656.0,6890.0,6843.9,22326.728095
237,2018-04-10,6839.56,6787.0,6990.0,6953.79,23997.871177
238,2018-04-11,6953.78,6743.2,8012.23,7923.0,64861.595987
239,2018-04-12,7922.99,7732.0,8233.39,7877.41,55044.523148
240,2018-04-13,7877.48,7810.0,8186.0,7999.01,31621.286357
241,2018-04-14,8004.0,7999.02,8429.54,8355.0,27946.720444
242,2018-04-15,8355.07,7867.0,8419.0,8064.92,36664.069715
243,2018-04-16,8064.92,7825.4,8173.7,7885.02,32152.603567
244,2018-04-17,7890.96,7868.0,8236.43,8173.0,26969.04457
245,2018-04-18,8173.99,8080.0,8296.0,8278.0,27113.847464
246,2018-04-19,8273.84,8177.09,8930.0,8856.98,39795.337485
247,2018-04-20,8852.12,8565.0,9035.0,8915.31,40872.229909
248,2018-04-21,8915.31,8727.68,9020.67,8787.02,29458.25348
249,2018-04-22,8785.7,8745.0,8985.0,8934.01,25838.114709
250,2018-04-23,8934.0,8922.0,9731.01,9619.99,46268.790106
251,2018-04-24,9618.96,8730.0,9759.82,8869.99,81110.037589
252,2018-04-25,8869.99,8651.62,9307.48,9266.0,43300.304245
253,2018-04-26,9267.03,8889.0,9395.0,8915.35,37241.347036
254,2018-04-27,8915.35,8870.0,9427.48,9348.0,34759.62842
255,2018-04-28,9348.0,9163.74,9570.51,9419.0,38149.850035
256,2018-04-29,9417.04,9124.99,9458.64,9246.01,35002.033875
257,2018-04-30,9246.01,8800.49,9248.99,9071.48,41018.463633
258,2018-05-01,9071.48,8970.2,9268.0,9247.84,26123.543961
259,2018-05-02,9247.81,9168.4,9844.0,9750.0,38768.388288
260,2018-05-03,9750.0,9520.85,9830.04,9713.99,28681.588879
261,2018-05-04,9714.0,9682.0,10020.0,9864.0,24990.018345
262,2018-05-05,9863.99,9417.03,9970.0,9659.01,27690.351559
263,2018-05-06,9661.02,9181.0,9689.67,9365.0,33787.640012
264,2018-05-07,9365.0,9060.54,9475.7,9187.56,25533.831889
265,2018-05-08,9178.0,8965.0,9390.0,9310.0,25673.524899
266,2018-05-09,9310.0,8970.0,9395.12,9002.2,25055.063718
267,2018-05-10,9002.21,8341.0,9016.8,8400.0,48227.048061
268,2018-05-11,8405.94,8153.0,8646.88,8465.94,40241.32081
269,2018-05-12,8475.44,8298.0,8763.36,8679.71,25632.869362
270,2018-05-13,8679.71,8277.0,8879.99,8663.34,37389.666533
271,2018-05-14,8663.37,8401.3,8859.99,8462.0,28126.956136
272,2018-05-15,8462.0,8083.01,8488.0,8330.0,31130.718908
273,2018-05-16,8330.0,7979.0,8464.0,8041.46,25439.844799
274,2018-05-17,8038.82,7911.9,8273.21,8239.81,23476.158251
275,2018-05-18,8238.01,8095.73,8390.8,8233.49,17193.424276
276,2018-05-19,8233.49,8163.9,8609.0,8526.98,19957.057109
277,2018-05-20,8526.97,8305.0,8595.31,8381.24,21516.596486
278,2018-05-21,8386.89,7935.11,8400.18,7977.11,23710.902858
279,2018-05-22,7977.12,7425.0,8031.9,7501.95,42910.666774
280,2018-05-23,7501.95,7266.99,7730.73,7575.01,37845.446595
281,2018-05-24,7578.99,7308.15,7649.55,7457.0,26739.95664
282,2018-05-25,7456.99,7300.0,7620.0,7333.96,19464.086071
283,2018-05-26,7334.0,7231.11,7400.0,7338.99,18706.945515
284,2018-05-27,7338.99,7058.02,7437.0,7099.0,27219.438963
285,2018-05-28,7099.0,7032.95,7540.0,7461.29,39407.21183
286,2018-05-29,7467.98,7260.5,7569.0,7375.96,32041.583623
287,2018-05-30,7382.07,7327.51,7699.0,7485.01,30776.063102
288,2018-05-31,7485.01,7355.54,7608.55,7521.01,28259.124078
289,2018-06-01,7521.01,7437.0,7697.33,7640.03,26720.690219
290,2018-06-02,7636.81,7600.0,7786.69,7714.26,27505.158951
291,2018-06-03,7714.26,7446.5,7760.52,7487.0,32258.835115
292,2018-06-04,7487.0,7358.0,7679.49,7625.0,31722.973384
293,2018-06-05,7626.64,7467.05,7699.0,7658.84,27229.991898
294,2018-06-06,7658.79,7620.0,7765.0,7691.08,25062.227202
295,2018-06-07,7691.08,7531.0,7703.5,7603.44,23396.804671
296,2018-06-08,7603.44,7450.0,7683.98,7491.73,19339.885176
297,2018-06-09,7491.73,6622.81,7491.73,6764.99,52342.020032
298,2018-06-10,6765.0,6610.0,6922.0,6872.0,34552.162303
299,2018-06-11,6872.0,6435.0,6890.51,6530.0,36722.211191
300,2018-06-12,6530.0,6118.68,6627.6,6292.78,46185.5181
301,2018-06-13,6292.78,6260.0,6720.0,6635.98,44478.130837
302,2018-06-14,6638.67,6362.31,6666.66,6388.9,30018.329905
303,2018-06-15,6380.01,6320.86,6560.0,6483.98,22277.241147
304,2018-06-16,6482.5,6422.0,6589.03,6449.61,19847.247688
305,2018-06-17,6444.06,6380.0,6794.38,6712.46,31821.434995
306,2018-06-18,6711.39,6653.0,6841.74,6741.21,24311.421143
307,2018-06-19,6740.0,6551.81,6817.23,6761.51,26359.752452
308,2018-06-20,6763.21,6672.57,6795.0,6718.84,25428.854048
309,2018-06-21,6717.69,5918.94,6733.97,6045.0,52157.370833
310,2018-06-22,6045.92,6008.48,6260.0,6149.98,26622.788589
311,2018-06-23,6149.98,5750.0,6259.8,6136.97,47445.998955
312,2018-06-24,6137.95,6061.97,6350.0,6252.0,39164.515306
313,2018-06-25,6252.0,6035.0,6272.54,6070.78,19377.240484
314,2018-06-26,6065.89,5971.0,6190.43,6133.73,19225.671098
315,2018-06-27,6134.73,5827.0,6173.01,5853.98,30585.266026
316,2018-06-28,5851.01,5780.0,6300.0,6197.92,33911.287278
317,2018-06-29,6197.92,6186.03,6528.99,6390.07,37919.61284
318,2018-06-30,6391.08,6251.0,6441.06,6356.81,27562.965974
319,2018-07-01,6360.82,6271.62,6685.0,6615.29,36230.452264
320,2018-07-02,6615.29,6463.01,6679.35,6513.86,38657.781691
321,2018-07-03,6511.01,6441.11,6784.92,6586.98,23571.892777
322,2018-07-04,6585.53,6453.33,6712.0,6529.2,35071.972898
323,2018-07-05,6529.2,6425.0,6648.54,6609.78,29397.094748
324,2018-07-06,6609.79,6508.88,6818.16,6756.98,23973.876886
325,2018-07-07,6753.48,6667.44,6780.0,6712.1,24622.947794
326,2018-07-08,6712.1,6612.24,6802.06,6662.12,26732.40655
327,2018-07-09,6662.78,6263.0,6681.0,6296.91,38560.672702
328,2018-07-10,6296.91,6278.99,6406.0,6378.07,28715.498487
329,2018-07-11,6378.07,6070.0,6380.28,6250.57,31306.663348
330,2018-07-12,6251.4,6110.0,6350.0,6214.57,26375.325286
331,2018-07-13,6214.57,6178.0,6335.0,6251.99,17783.071999
332,2018-07-14,6250.9,6225.4,6395.0,6353.01,22979.211508
333,2018-07-15,6354.15,6330.4,6747.3,6723.35,36204.87708
334,2018-07-16,6723.33,6652.04,7468.99,7317.44,52105.423459
335,2018-07-17,7317.44,7225.38,7588.08,7381.9,59487.64345
336,2018-07-18,7381.88,7270.0,7576.28,7466.21,41218.256437
337,2018-07-19,7468.86,7273.0,7700.0,7337.53,46140.313447
338,2018-07-20,7337.47,7211.0,7458.47,7398.78,28886.490291
339,2018-07-21,7399.25,7335.5,7582.4,7394.79,30270.21844
340,2018-07-22,7394.78,7375.0,7833.0,7721.01,41646.346671
341,2018-07-23,7721.65,7696.0,8486.0,8397.24,60121.163749
342,2018-07-24,8397.24,8050.0,8491.77,8175.64,48257.649124
343,2018-07-25,8175.63,7850.06,8315.69,7920.0,43223.481682
344,2018-07-26,7920.0,7805.0,8285.0,8188.57,43671.005891
345,2018-07-27,8188.57,8067.0,8246.54,8225.04,26215.173839
346,2018-07-28,8225.04,8115.0,8294.51,8211.0,25531.226185
347,2018-07-29,8210.99,7866.0,8273.0,8173.92,39692.416542
348,2018-07-30,8171.4,7633.0,8180.0,7730.93,48296.915587
349,2018-07-31,7735.67,7430.0,7750.0,7604.58,42582.312932
350,2018-08-01,7600.08,7455.72,7709.46,7525.71,37665.696684
351,2018-08-02,7525.71,7282.44,7540.0,7418.78,44669.486047
352,2018-08-03,7412.27,6926.0,7494.81,7009.84,36288.42601
353,2018-08-04,7009.84,6882.29,7089.87,7024.19,32894.849782
354,2018-08-05,7024.19,6821.0,7160.0,6934.82,32760.191643
355,2018-08-06,6935.0,6670.0,7150.46,6720.06,45438.473501
356,2018-08-07,6720.63,6123.0,6721.54,6285.0,59550.536319
357,2018-08-08,6283.27,6178.6,6622.81,6529.79,51941.185111
358,2018-08-09,6529.79,6026.39,6575.88,6144.01,59034.974902
359,2018-08-10,6148.13,5971.0,6488.0,6232.35,47133.418555
360,2018-08-11,6222.55,6130.0,6472.3,6308.33,38567.770712
361,2018-08-12,6308.56,6145.04,6545.0,6246.35,53895.828783
362,2018-08-13,6248.25,5880.0,6250.33,6188.08,50186.745091
363,2018-08-14,6188.08,6172.11,6609.0,6267.16,68806.687026
364,2018-08-15,6265.27,6205.6,6480.0,6311.75,48515.254618
365,2018-08-16,6316.0,6285.4,6585.0,6584.49,57851.610803
366,2018-08-17,6579.04,6288.0,6620.0,6387.96,53742.322172
367,2018-08-18,6387.96,6300.0,6541.0,6477.53,45190.847994
368,2018-08-19,6477.53,6220.0,6530.0,6254.84,49435.55526
369,2018-08-20,6251.0,6235.08,6500.0,6480.0,41569.947408
370,2018-08-21,6479.98,6251.2,6882.54,6360.89,77909.391359
371,2018-08-22,6362.57,6342.28,6576.99,6525.01,40358.166825
372,2018-08-23,6525.0,6440.5,6725.0,6681.64,38305.675322
373,2018-08-24,6686.98,6650.61,6789.0,6733.64,19220.505929
374,2018-08-25,6733.64,6568.0,6775.27,6700.0,20107.297208
375,2018-08-26,6700.0,6646.5,6940.51,6908.64,37747.078747
376,2018-08-27,6907.26,6860.0,7135.0,7076.11,48352.917163
377,2018-08-28,7077.0,6912.34,7133.81,7031.22,43252.487392
378,2018-08-29,7033.21,6784.81,7063.63,6984.84,44716.77462
379,2018-08-30,6984.84,6888.0,7089.0,7011.21,40467.400638
380,2018-08-31,7011.21,7008.74,7275.0,7200.01,40323.414093
381,2018-09-01,7201.57,7127.0,7345.45,7302.01,39814.840352
382,2018-09-02,7302.0,7191.63,7338.28,7263.02,32396.018371
383,2018-09-03,7263.0,7227.17,7410.0,7359.06,35300.640518
384,2018-09-04,7359.05,6682.0,7397.3,6700.0,63715.256267
385,2018-09-05,6697.27,6265.0,6725.0,6516.01,60644.464227
386,2018-09-06,6516.84,6320.0,6544.0,6395.54,38906.28805
387,2018-09-07,6395.54,6111.0,6478.0,6185.05,38215.032171
388,2018-09-08,6185.06,6141.53,6441.0,6250.81,37053.92382
389,2018-09-09,6252.26,6221.0,6373.98,6312.0,32439.456432
390,2018-09-10,6311.99,6169.68,6404.0,6294.91,33104.88859
391,2018-09-11,6293.0,6192.37,6360.0,6338.62,31433.645939
392,2018-09-12,6338.62,6337.4,6535.0,6487.38,40465.063107
393,2018-09-13,6487.39,6385.62,6584.99,6476.63,37173.339277
394,2018-09-14,6476.63,6466.13,6565.45,6514.96,25243.656612
395,2018-09-15,6514.96,6370.0,6524.62,6505.0,27568.132897
396,2018-09-16,6500.08,6201.0,6533.84,6248.69,35987.254738
397,2018-09-17,6248.69,6224.98,6390.0,6336.45,32620.86667
398,2018-09-18,6336.39,6123.0,6517.7,6391.89,39044.080082
399,2018-09-19,6392.0,6325.0,6540.0,6492.0,25189.024728
400,2018-09-20,6492.0,6491.0,6784.86,6759.02,51779.343463
401,2018-09-21,6759.01,6627.0,6839.03,6723.05,29349.690667
402,2018-09-22,6723.05,6661.75,6788.23,6708.0,30286.229773
403,2018-09-23,6706.81,6557.0,6730.0,6581.39,35305.73991
404,2018-09-24,6581.42,6325.02,6584.01,6447.54,40301.029452
405,2018-09-25,6445.11,6379.7,6557.99,6465.12,33484.54207
406,2018-09-26,6467.84,6434.0,6750.0,6689.13,33087.428297
407,2018-09-27,6689.12,6540.88,6814.8,6634.58,42399.448523
408,2018-09-28,6634.58,6464.57,6636.0,6596.38,30255.9597
409,2018-09-29,6597.66,6533.0,6662.0,6626.57,27764.724519
410,2018-09-30,6626.57,6510.0,6667.09,6611.61,20621.506894
411,2018-10-01,6610.0,6494.0,6640.0,6525.79,28245.810088
412,2018-10-02,6525.79,6430.0,6549.0,6510.0,28451.969138
413,2018-10-03,6510.01,6505.09,6643.46,6593.79,20074.300818
414,2018-10-04,6591.69,6543.08,6697.0,6635.65,16096.552392
415,2018-10-05,6635.65,6566.77,6651.0,6594.27,10939.505391
416,2018-10-06,6596.44,6525.0,6640.0,6615.26,17406.831762
417,2018-10-07,6615.26,6587.0,6715.6,6673.01,23123.419541
418,2018-10-08,6673.01,6607.0,6685.38,6656.61,15354.779469
419,2018-10-09,6656.67,6530.0,6659.95,6631.0,15390.661444
420,2018-10-10,6630.21,6205.0,6633.92,6252.68,48712.400332
421,2018-10-11,6252.71,6209.0,6360.0,6298.01,29004.071419
422,2018-10-12,6298.0,6285.07,6345.0,6332.93,19098.070025
423,2018-10-13,6332.92,6308.0,6416.0,6339.34,15627.411314
424,2018-10-14,6339.34,6300.0,7680.0,6752.5,90748.031246
425,2018-10-15,6752.5,6670.0,6900.0,6759.27,27557.957764
426,2018-10-16,6762.76,6676.01,6811.12,6740.89,26641.431379
427,2018-10-17,6739.01,6567.0,6796.0,6618.96,20116.521941
428,2018-10-18,6618.96,6523.0,6648.14,6528.88,20772.60077
429,2018-10-19,6528.88,6505.55,6617.65,6588.4,19240.722247
430,2018-10-20,6585.72,6580.0,6663.9,6590.11,6515.357792
431,2018-10-21,6590.12,6535.27,6639.0,6581.2,16213.69266
432,2018-10-22,6581.2,6515.45,6595.0,6553.51,13856.601756
433,2018-10-23,6553.51,6547.53,6630.0,6565.5,11951.543977
434,2018-10-24,6566.81,6502.8,6575.09,6528.09,10342.701244
435,2018-10-25,6528.13,6515.01,6600.0,6538.63,9443.504156
436,2018-10-26,6538.63,6463.04,6558.35,6505.6,7776.907864
437,2018-10-27,6505.6,6453.0,6514.17,6489.93,5743.933728
438,2018-10-28,6489.93,6315.0,6505.01,6344.5,13827.224067
439,2018-10-29,6344.5,6317.01,6395.0,6330.87,8877.175385
440,2018-10-30,6330.01,6245.02,6428.0,6371.93,12148.888216
441,2018-10-31,6369.52,6348.66,6442.65,6410.0,9099.035841
442,2018-11-01,6410.0,6388.2,6460.34,6433.98,9739.440679
443,2018-11-02,6432.8,6345.0,6439.97,6387.09,7661.241476
444,2018-11-03,6388.0,6359.0,6525.0,6485.85,10592.394943
445,2018-11-04,6485.85,6431.02,6504.39,6468.99,8987.882156
446,2018-11-05,6468.99,6445.18,6531.31,6519.11,11926.565699
447,2018-11-06,6522.73,6509.0,6615.15,6578.46,14271.591117
448,2018-11-07,6578.46,6468.22,6594.0,6479.84,13259.789282
449,2018-11-08,6479.84,6391.01,6511.53,6419.99,11787.616583
450,2018-11-09,6419.99,6411.0,6475.55,6433.05,7714.829926
451,2018-11-10,6435.16,6355.0,6462.14,6449.81,8213.507117
452,2018-11-11,6450.71,6421.0,6497.0,6453.07,10132.782567
453,2018-11-12,6451.68,6391.15,6498.0,6457.66,11790.564933
454,2018-11-13,6458.98,5656.87,6482.84,5922.41,46478.964003
455,2018-11-14,5917.2,5403.42,5939.54,5753.4,47700.829401
456,2018-11-15,5757.09,5549.25,5782.89,5655.94,38721.802274
457,2018-11-16,5650.57,5565.43,5656.6,5628.29,26411.241413
458,2018-11-17,5630.49,5617.0,5738.17,5662.0,23844.999347
459,2018-11-18,5661.94,4855.0,5664.0,4910.03,70580.892856
460,2018-11-19,4913.4,4326.0,5048.24,4558.86,117380.95159
461,2018-11-20,4559.91,4413.85,4787.2,4661.07,61071.829475
462,2018-11-21,4661.08,4335.0,4721.77,4370.0,34531.119143
463,2018-11-22,4370.9,4222.94,4484.0,4420.61,49371.920322
464,2018-11-23,4415.63,3824.69,4527.0,3932.44,61693.111006
465,2018-11-24,3933.68,3652.66,4233.0,4085.78,101693.975588
466,2018-11-25,4088.69,3701.0,4206.0,3862.2,94503.750767
467,2018-11-26,3864.45,3689.12,3940.0,3875.21,67480.607212
468,2018-11-27,3875.63,3874.27,4394.47,4264.85,91983.567949
469,2018-11-28,4262.06,4125.65,4450.38,4295.84,73980.198669
470,2018-11-29,4295.72,3943.0,4341.36,4041.32,67758.446283
471,2018-11-30,4041.27,3963.01,4299.99,4190.02,44840.073481
472,2018-12-01,4190.98,4103.04,4312.99,4161.01,38912.15479
473,2018-12-02,4160.55,3827.0,4179.0,3884.01,49094.369163
474,2018-12-03,3884.76,3781.0,4085.0,3951.64,48489.551613
475,2018-12-04,3950.98,3745.0,3970.0,3769.84,44004.799448
476,2018-12-05,3768.44,3500.0,3899.99,3508.75,68378.796943
477,2018-12-06,3508.75,3224.6,3549.99,3403.55,95145.457442
478,2018-12-07,3403.57,3222.0,3495.0,3410.93,55365.949949
479,2018-12-08,3411.36,3394.04,3658.0,3545.37,45956.893296
480,2018-12-09,3548.49,3370.11,3610.0,3432.88,40989.244553
481,2018-12-10,3434.01,3324.32,3480.0,3380.39,35920.864154
482,2018-12-11,3379.23,3350.0,3492.0,3445.0,33922.931286
483,2018-12-12,3446.38,3255.5,3460.0,3302.06,40040.917013
484,2018-12-13,3302.06,3177.0,3335.39,3224.17,44492.983807
485,2018-12-14,3225.19,3156.26,3276.5,3211.72,29796.041436
486,2018-12-15,3211.71,3186.0,3294.0,3228.67,24628.808538
487,2018-12-16,3229.22,3216.0,3585.0,3509.08,66761.751697
488,2018-12-17,3509.03,3424.47,3678.59,3652.98,61369.615257
489,2018-12-18,3653.0,3622.55,3912.73,3662.22,94137.341014
490,2018-12-19,3660.01,3635.0,4120.0,4049.62,101543.835986
491,2018-12-20,4051.86,3764.0,4139.99,3838.66,82343.850112
492,2018-12-21,3840.25,3785.0,3979.0,3948.91,42822.350872
493,2018-12-22,3948.91,3870.0,4021.53,3929.71,40117.531529
494,2018-12-23,3929.71,3924.83,4198.0,4008.01,64647.809129
495,2018-12-24,4010.11,3646.41,4020.0,3745.79,62725.629432
496,2018-12-25,3745.56,3656.74,3837.15,3777.74,42629.375817
497,2018-12-26,3777.74,3535.0,3813.98,3567.91,44097.392912
498,2018-12-27,3567.89,3540.04,3887.25,3839.26,45964.304987
499,2018-12-28,3839.0,3670.0,3892.0,3695.32,38874.373903
500,2018-12-29,3696.71,3657.9,3903.5,3801.91,33222.369262
501,2018-12-30,3803.12,3630.33,3810.0,3702.9,29991.77835
502,2018-12-31,3701.23,3642.0,3810.16,3797.14,23741.687033
503,2019-01-01,3796.45,3750.45,3882.14,3858.56,35156.463369
504,2019-01-02,3857.57,3730.0,3862.74,3766.78,29406.948359
505,2019-01-03,3767.2,3703.57,3823.64,3792.01,29519.554671
506,2019-01-04,3790.09,3751.0,3840.99,3770.96,30490.667751
507,2019-01-05,3771.12,3740.0,4027.71,3987.6,36553.806709
508,2019-01-06,3987.62,3921.53,4017.9,3975.45,31869.846264
509,2019-01-07,3976.76,3903.0,4069.8,3955.13,38901.423122
510,2019-01-08,3955.45,3930.04,4006.81,3966.65,28989.439511
511,2019-01-09,3966.06,3540.0,3996.01,3585.88,59402.22851
512,2019-01-10,3585.88,3465.0,3658.0,3601.31,38338.654733
513,2019-01-11,3601.31,3530.0,3618.19,3583.13,21999.928354
514,2019-01-12,3584.1,3441.3,3611.1,3476.81,26385.757454
515,2019-01-13,3477.56,3467.02,3671.87,3626.09,35235.211215
516,2019-01-14,3626.08,3516.62,3648.42,3553.06,34137.997459
517,2019-01-15,3553.06,3543.51,3645.0,3591.84,27480.179977
518,2019-01-16,3591.84,3530.39,3634.7,3616.21,29755.440838
519,2019-01-17,3613.32,3565.75,3620.0,3594.87,22713.446755
520,2019-01-18,3594.87,3594.23,3720.0,3665.3,22171.578123
521,2019-01-19,3665.75,3475.0,3693.73,3539.28,27901.938598
522,2019-01-20,3539.26,3475.5,3559.51,3526.9,19644.436839
523,2019-01-21,3526.88,3434.85,3608.5,3570.93,29336.442967
524,2019-01-22,3570.41,3514.5,3607.98,3552.82,24938.842698
525,2019-01-23,3552.97,3529.22,3589.0,3569.62,20826.25118
526,2019-01-24,3569.07,3522.51,3587.15,3565.29,17608.346671
527,2019-01-25,3566.69,3545.0,3662.94,3565.25,19476.532344
528,2019-01-26,3565.62,3486.0,3579.0,3550.84,22735.598162
529,2019-01-27,3550.05,3380.27,3557.75,3434.15,40405.111401
530,2019-01-28,3434.0,3349.92,3443.45,3411.04,29544.928977
531,2019-01-29,3410.04,3387.1,3478.0,3458.18,23968.260243
532,2019-01-30,3457.5,3418.8,3489.2,3434.1,29607.190253
533,2019-01-31,3434.1,3401.2,3488.0,3462.07,25260.476159
534,2019-02-01,3462.2,3440.29,3526.4,3504.77,17920.802
535,2019-02-02,3504.06,3426.0,3511.09,3458.11,19867.33639
536,2019-02-03,3458.11,3433.31,3484.88,3463.22,23131.981108
537,2019-02-04,3463.22,3448.43,3478.97,3471.59,25264.41503
538,2019-02-05,3471.57,3380.0,3482.72,3405.37,35310.244846
539,2019-02-06,3407.0,3390.0,3426.45,3398.4,18665.538638
540,2019-02-07,3398.4,3373.1,3733.58,3659.04,47968.058013
541,2019-02-08,3660.27,3625.13,3680.02,3665.18,24759.833719
542,2019-02-09,3665.18,3609.76,3684.99,3680.06,23250.602634
543,2019-02-10,3679.75,3615.53,3684.9,3631.05,24954.614571
544,2019-02-11,3631.05,3582.34,3667.6,3631.46,29479.59823
545,2019-02-12,3631.51,3591.75,3670.0,3609.4,25773.997648
546,2019-02-13,3608.34,3568.11,3626.4,3590.56,21753.501261
547,2019-02-14,3590.57,3573.45,3653.23,3602.47,20777.872899
548,2019-02-15,3602.49,3597.91,3648.2,3618.41,19565.992751
549,2019-02-16,3617.22,3604.4,3700.11,3667.58,25690.227779
550,2019-02-17,3667.62,3655.0,3925.0,3898.6,64042.730492
551,2019-02-18,3897.35,3856.0,3994.52,3907.79,50207.172667
552,2019-02-19,3907.35,3870.66,3986.98,3969.74,36205.14085
553,2019-02-20,3969.74,3901.03,4016.48,3937.31,31103.884728
554,2019-02-21,3937.31,3926.65,3988.0,3962.0,23943.16375
555,2019-02-22,3962.0,3933.15,4162.02,4117.76,33657.942883
556,2019-02-23,4118.0,3712.66,4198.0,3743.56,62224.18689
557,2019-02-24,3743.56,3740.0,3872.66,3827.92,38102.966245
558,2019-02-25,3828.44,3777.0,3841.51,3809.23,28838.748036
559,2019-02-26,3809.31,3677.17,3838.85,3818.07,31500.995466
560,2019-02-27,3818.04,3763.87,3888.0,3813.69,32561.961044
561,2019-02-28,3814.26,3813.01,3857.0,3823.0,23174.57217
562,2019-03-01,3822.17,3772.25,3841.31,3819.93,19445.838355
563,2019-03-02,3819.97,3781.32,3835.0,3807.75,16718.16541
564,2019-03-03,3807.32,3670.69,3830.0,3715.3,34742.84166
565,2019-03-04,3716.1,3703.55,3877.1,3857.73,32962.536162
566,2019-03-05,3857.58,3813.09,3907.0,3861.84,24775.11883
567,2019-03-06,3861.84,3840.4,3905.4,3873.64,26455.257661
568,2019-03-07,3873.63,3800.0,3932.0,3864.89,34730.366592
569,2019-03-08,3864.88,3854.75,3971.75,3943.04,30979.747653
570,2019-03-09,3943.43,3881.69,3943.43,3916.82,23187.561412
571,2019-03-10,3915.99,3830.0,3936.98,3871.61,38066.885705
572,2019-03-11,3871.61,3826.06,3905.2,3882.73,26921.008622
573,2019-03-12,3882.69,3840.0,3893.56,3866.0,24461.008757
574,2019-03-13,3866.0,3810.43,3920.0,3877.12,27048.74853
575,2019-03-14,3877.12,3872.2,3939.22,3923.76,21740.061498
576,2019-03-15,3924.46,3921.98,4056.98,4005.98,28568.376124
577,2019-03-16,4005.98,3950.01,4012.0,3981.14,18814.255577
578,2019-03-17,3981.85,3953.33,4037.0,3987.81,22454.47801
579,2019-03-18,3987.83,3970.0,4031.0,4015.53,19893.741815
580,2019-03-19,4017.48,3980.5,4050.0,4043.04,23432.300255
581,2019-03-20,4043.04,3880.01,4069.32,3980.64,35997.682119
582,2019-03-21,3980.85,3968.25,4008.0,3986.93,20022.606318
583,2019-03-22,3987.89,3978.01,4018.83,4006.01,17302.604318
584,2019-03-23,4006.01,3950.0,4006.02,3992.18,17179.850648
585,2019-03-24,3991.35,3888.71,3999.3,3936.12,33192.890217
586,2019-03-25,3935.47,3894.0,3958.98,3948.55,29349.537627
587,2019-03-26,3948.77,3936.15,4048.0,4038.05,32364.555852
588,2019-03-27,4039.58,4002.0,4039.7,4027.81,20089.293875
589,2019-03-28,4028.22,4024.03,4123.71,4103.25,30084.217444
590,2019-03-29,4104.24,4052.0,4140.0,4106.97,19509.292601
591,2019-03-30,4106.99,4082.57,4116.12,4103.95,13525.087433
592,2019-03-31,4102.44,4067.0,4158.7,4144.56,25507.067641
593,2019-04-01,4144.54,4140.54,4897.99,4857.29,105383.639263
594,2019-04-02,4857.19,4753.5,5275.01,4932.6,109890.125743
595,2019-04-03,4932.59,4777.0,5039.08,4898.66,61054.254168
596,2019-04-04,4898.64,4880.62,5028.22,5004.95,39768.552806
597,2019-04-05,5004.96,4928.59,5205.0,5043.89,41770.842313
598,2019-04-06,5042.07,5026.0,5234.0,5170.27,37615.486804
599,2019-04-07,5170.27,5039.0,5305.0,5236.9,50178.430782
600,2019-04-08,5238.38,5076.68,5238.4,5150.0,34067.012311
601,2019-04-09,5150.0,5135.0,5422.0,5308.25,40073.620471
602,2019-04-10,5307.86,4927.0,5332.67,5017.37,54696.600686
603,2019-04-11,5017.37,4861.22,5080.58,5048.01,33276.678614
604,2019-04-12,5047.0,5004.0,5099.0,5045.22,17292.456802
605,2019-04-13,5047.45,5000.0,5152.99,5131.3,18281.607739
606,2019-04-14,5131.28,4950.0,5167.38,5024.95,29057.191581
607,2019-04-15,5024.95,5003.94,5197.72,5173.72,24242.229493
608,2019-04-16,5173.72,5146.8,5230.4,5202.82,23307.536134
609,2019-04-17,5202.41,5198.8,5287.0,5258.44,22619.239001
610,2019-04-18,5258.44,5175.0,5320.0,5258.68,24611.236323
611,2019-04-19,5258.68,5230.1,5333.42,5291.73,19168.908274
612,2019-04-20,5292.91,5165.0,5314.35,5256.14,25549.570939
613,2019-04-21,5257.41,5208.35,5400.0,5357.14,29563.852309
614,2019-04-22,5357.14,5332.41,5600.0,5493.31,41262.103917
615,2019-04-23,5490.91,5333.35,5582.2,5415.0,48224.152413
616,2019-04-24,5415.0,5102.0,5491.84,5219.9,49636.089948
617,2019-04-25,5220.47,5161.62,5510.0,5314.1,48912.294513
618,2019-04-26,5315.0,5257.67,5342.5,5295.69,15422.896935
619,2019-04-27,5295.69,5259.48,5340.0,5307.52,14371.433869
620,2019-04-28,5309.81,5178.8,5332.0,5238.14,19918.135079
621,2019-04-29,5238.14,5192.15,5339.98,5320.81,22238.06823
622,2019-04-30,5321.94,5316.2,5402.0,5383.2,17217.473216
623,2019-05-01,5383.2,5370.0,5538.0,5492.87,22795.787835
624,2019-05-02,5494.81,5477.57,5844.0,5772.69,46297.172849
625,2019-05-03,5770.62,5587.45,5900.0,5829.45,39682.408991
626,2019-05-04,5829.83,5696.0,5839.9,5775.62,23822.543775
627,2019-05-05,5773.18,5619.14,5805.0,5747.79,25256.596325
628,2019-05-06,5749.92,5747.74,6028.41,5846.34,39905.064422
629,2019-05-07,5846.34,5772.2,6014.72,5987.29,23074.05152
630,2019-05-08,5986.66,5983.71,6224.55,6209.18,27453.011436
631,2019-05-09,6209.95,6172.0,6468.92,6373.33,36623.61079
632,2019-05-10,6375.16,6372.85,7343.99,7076.22,74022.424393
633,2019-05-11,7076.24,6750.0,7521.78,6967.31,86948.975339
634,2019-05-12,6968.24,6870.0,8100.0,7790.71,85804.735333
635,2019-05-13,7795.62,7599.56,8366.0,7947.56,76583.722603
636,2019-05-14,7945.26,7850.0,8249.0,8169.87,37884.327211
637,2019-05-15,8169.08,7705.0,8320.0,7866.59,69630.513996
638,2019-05-16,7868.67,6913.0,7925.0,7355.26,88752.008159
639,2019-05-17,7355.28,7156.61,7458.0,7257.45,37054.944779
640,2019-05-18,7257.32,7243.08,8275.09,8148.48,65577.442058
641,2019-05-19,8147.94,7553.0,8156.03,7938.15,65859.208564
642,2019-05-20,7937.16,7771.0,8042.32,7904.87,52301.752247
643,2019-05-21,7904.48,7465.0,8016.0,7628.43,49136.994589
644,2019-05-22,7627.8,7461.0,7940.98,7851.51,49648.184701
645,2019-05-23,7849.95,7766.0,8130.0,7964.87,46664.785325
646,2019-05-24,7964.52,7908.34,8091.8,8025.41,28414.328817
647,2019-05-25,8023.0,7833.42,8740.0,8614.43,49652.144567
648,2019-05-26,8612.54,8589.0,8908.32,8756.32,51886.768793
649,2019-05-27,8752.52,8510.63,8798.49,8715.64,31470.551534
650,2019-05-28,8716.87,8406.6,8750.0,8645.68,33880.865922
651,2019-05-29,8646.5,8005.0,9074.26,8269.54,70379.998521
652,2019-05-30,8267.1,8108.5,8594.0,8555.0,44727.49162
653,2019-05-31,8555.0,8442.36,8626.0,8544.07,31868.234157
654,2019-06-01,8545.1,8524.0,8814.78,8725.98,27835.133265
655,2019-06-02,8726.0,8080.8,8800.95,8115.82,45692.965104
656,2019-06-03,8115.66,7481.02,8115.66,7687.03,74143.948941
657,2019-06-04,7687.04,7572.78,7896.7,7776.5,48679.656455
658,2019-06-05,7778.08,7444.58,7868.13,7786.7,36624.118747
659,2019-06-06,7787.57,7737.49,8100.0,7980.53,33942.225658
660,2019-06-07,7978.94,7751.0,8044.65,7893.62,22657.329634
661,2019-06-08,7895.28,7506.66,7935.0,7628.13,31568.465157
662,2019-06-09,7627.57,7511.0,8020.0,7982.75,36756.078468
663,2019-06-10,7981.0,7692.23,8010.0,7884.9,30334.999427
664,2019-06-11,7884.9,7788.99,8200.0,8127.64,41597.082622
665,2019-06-12,8127.64,8010.03,8309.82,8218.54,30467.764341
666,2019-06-13,8216.44,8144.32,8684.41,8650.0,39835.246255
667,2019-06-14,8650.88,8567.63,8864.99,8808.7,31791.636039
668,2019-06-15,8810.77,8760.0,9333.0,8953.33,63289.251219
669,2019-06-16,8953.0,8950.0,9444.0,9313.96,47895.485374
670,2019-06-17,9312.13,8950.0,9336.36,9081.55,51554.569401
671,2019-06-18,9081.97,8960.0,9304.0,9255.49,32147.706495
672,2019-06-19,9253.76,9175.2,9590.0,9517.12,34556.053982
673,2019-06-20,9518.06,9518.06,10174.99,10159.86,50484.415892
674,2019-06-21,10159.86,9921.72,11160.0,10729.5,104169.447976
675,2019-06-22,10729.0,10555.18,11392.64,10906.07,57445.323945
676,2019-06-23,10905.95,10620.8,11143.63,11056.59,43101.045285
677,2019-06-24,11056.59,11026.0,11850.0,11820.86,61276.686648
678,2019-06-25,11821.28,11741.0,13970.0,13093.8,155930.147386
679,2019-06-26,13098.38,10525.1,13478.04,11329.99,173894.820889
680,2019-06-27,11329.99,10982.88,12480.0,12400.63,95795.203964
681,2019-06-28,12407.06,11475.02,12441.54,11903.13,69642.074157
682,2019-06-29,11903.13,10766.03,12180.0,10854.1,84512.530443
683,2019-06-30,10854.1,10030.0,11282.28,10624.93,90962.268271
684,2019-07-01,10624.9,9727.0,10938.75,10842.85,109561.038728
685,2019-07-02,10844.98,10841.04,11991.89,11940.0,96815.90029
686,2019-07-03,11940.0,11055.0,12000.0,11145.67,66512.221892
687,2019-07-04,11145.67,10796.44,11406.83,10970.73,63534.350582
688,2019-07-05,10982.41,10964.51,11665.0,11256.49,51469.496331
689,2019-07-06,11256.45,11094.37,11538.0,11406.24,38884.795599
690,2019-07-07,11410.0,11220.0,12338.03,12238.6,52182.367215
691,2019-07-08,12238.6,12068.0,12794.73,12543.41,78442.130343
692,2019-07-09,12548.51,11569.0,13147.08,12108.37,109246.044997
693,2019-07-10,12108.11,11000.0,12111.73,11342.89,87506.461058
694,2019-07-11,11342.88,11073.0,11885.0,11757.22,56321.858281
695,2019-07-12,11757.22,10830.0,11799.98,11355.76,54245.594548
696,2019-07-13,11355.78,10103.0,11452.0,10174.18,72517.579236
697,2019-07-14,10174.18,9860.0,11100.0,10838.72,81922.426332
698,2019-07-15,10833.78,9350.01,11028.0,9439.59,97219.443413
699,2019-07-16,9430.17,9060.0,9957.0,9667.92,84942.672717
700,2019-07-17,9668.86,9252.0,10788.0,10627.16,80283.310252
701,2019-07-18,10628.64,10121.84,10769.71,10504.29,56546.932133
702,2019-07-19,10505.78,10350.0,11068.99,10740.23,47331.899848
703,2019-07-20,10740.27,10288.0,10817.9,10589.45,38834.287935
704,2019-07-21,10590.15,10100.0,10683.16,10340.31,40467.954839
705,2019-07-22,10343.08,9822.0,10343.97,9864.91,47624.37071
706,2019-07-23,9864.78,9525.0,9937.0,9763.28,43475.380377
707,2019-07-24,9763.4,9720.03,10175.0,9879.87,37873.354728
708,2019-07-25,9882.15,9637.0,9889.98,9824.0,27167.463217
709,2019-07-26,9824.0,9333.0,10188.66,9476.52,43809.778301
710,2019-07-27,9478.92,9165.0,9594.99,9541.54,29401.022937
711,2019-07-28,9541.54,9395.0,9729.0,9507.64,29021.937411
712,2019-07-29,9509.07,9402.0,9714.28,9574.21,32536.368834
713,2019-07-30,9575.0,9555.0,10109.8,10080.53,39515.35456
714,2019-07-31,10080.53,9863.46,10467.86,10374.99,41727.637028
715,2019-08-01,10375.0,10281.35,10670.0,10523.75,42990.444221
716,2019-08-02,10523.75,10497.93,10904.77,10816.86,33802.318824
717,2019-08-03,10816.86,10552.0,11040.0,10929.23,39924.745141
718,2019-08-04,10929.99,10927.8,11937.52,11828.8,65153.673713
719,2019-08-05,11830.0,11226.7,12330.7,11481.69,76705.389875
720,2019-08-06,11481.69,11382.84,12141.17,11975.03,69173.390353
721,2019-08-07,11975.04,11521.0,12060.0,11999.77,51207.257174
722,2019-08-08,11994.17,11700.0,12045.68,11879.99,39427.152588
723,2019-08-09,11879.98,11270.0,11985.0,11309.31,42633.087048
724,2019-08-10,11309.24,11112.11,11600.0,11549.97,26772.90691
725,2019-08-11,11539.08,11235.32,11577.89,11396.08,17568.227075
726,2019-08-12,11398.35,10788.45,11456.16,10892.71,33234.72968
727,2019-08-13,10893.36,9928.1,10897.48,10050.37,54451.847499
728,2019-08-14,10055.16,9911.0,10460.0,10293.93,38174.45112
729,2019-08-15,10296.77,9750.0,10536.03,10331.54,51758.142918
730,2019-08-16,10331.15,10000.0,10465.14,10216.02,29000.581201
731,2019-08-17,10216.05,10080.0,10500.0,10306.78,24085.395172
732,2019-08-18,10306.17,10258.6,10930.0,10915.54,37243.319217
733,2019-08-19,10914.73,10560.0,10949.96,10760.51,32298.921679
734,2019-08-20,10760.51,9858.0,10804.13,10142.57,47355.719282
735,2019-08-21,10140.82,9762.0,10242.0,10099.88,34059.642738
736,2019-08-22,10099.9,10019.79,10445.0,10389.55,27550.336173
737,2019-08-23,10388.16,9890.0,10419.42,10134.35,27692.456844
738,2019-08-24,10134.61,9906.97,10333.0,10142.69,26271.657398
739,2019-08-25,10142.69,10137.93,10604.0,10372.25,41687.511599
740,2019-08-26,10373.6,10051.08,10391.08,10185.05,28402.775383
741,2019-08-27,10185.69,9601.01,10299.0,9721.0,42110.555375
742,2019-08-28,9721.0,9320.0,9724.0,9498.44,35532.69491
743,2019-08-29,9499.01,9350.41,9696.0,9584.54,26834.318104
744,2019-08-30,9582.76,9420.75,9684.51,9587.47,17130.290074
745,2019-08-31,9588.74,9520.0,9830.0,9724.98,19545.404843
746,2019-09-01,9723.59,9712.5,10450.0,10340.0,44740.248093
747,2019-09-02,10340.0,10272.0,10773.0,10615.28,47998.376781
748,2019-09-03,10611.85,10369.89,10799.0,10567.02,43943.889026
749,2019-09-04,10565.92,10450.0,10900.0,10564.49,33970.960639
750,2019-09-05,10563.13,10150.0,10905.87,10298.73,58799.640959
751,2019-09-06,10298.71,10288.57,10558.0,10455.88,27637.877392
752,2019-09-07,10455.9,10208.0,10592.5,10381.18,23984.672018
753,2019-09-08,10381.24,10068.5,10480.0,10303.12,39835.727608
754,2019-09-09,10302.58,9953.0,10384.99,10098.15,28915.412225
755,2019-09-10,10098.19,9880.0,10293.0,10158.33,31953.824562
756,2019-09-11,10158.75,10040.0,10448.81,10415.01,34511.162755
757,2019-09-12,10415.01,10153.0,10439.0,10342.06,30280.339776
758,2019-09-13,10344.13,10222.33,10419.99,10335.02,23621.533519
759,2019-09-14,10332.81,10252.15,10360.0,10302.01,18047.654013
760,2019-09-15,10303.34,10078.0,10355.0,10251.31,28971.401657
761,2019-09-16,10249.68,10128.01,10275.0,10187.82,22914.324563
762,2019-09-17,10187.48,10100.0,10258.02,10156.99,24250.249303
763,2019-09-18,10156.41,9653.0,10325.0,10244.29,44826.282579
764,2019-09-19,10243.7,10061.39,10281.0,10168.59,25088.491069
765,2019-09-20,10167.92,9900.0,10176.7,9986.39,20544.175196
766,2019-09-21,9985.15,9853.97,10089.0,10028.87,22049.275256
767,2019-09-22,10028.05,9615.77,10049.99,9702.25,31937.232356
768,2019-09-23,9702.2,7800.0,9794.99,8493.14,94007.345203
769,2019-09-24,8497.55,8215.64,8730.0,8430.05,60783.892258
770,2019-09-25,8430.05,7750.0,8465.99,8063.73,67930.853749
771,2019-09-26,8063.49,7852.15,8265.0,8177.91,43882.924625
772,2019-09-27,8177.47,8001.09,8315.0,8198.81,34473.605165
773,2019-09-28,8199.38,7890.0,8229.13,8043.82,31544.211388
774,2019-09-29,8043.04,7710.0,8337.26,8289.34,55865.48726
775,2019-09-30,8289.97,8173.05,8500.0,8292.44,43472.418091
776,2019-10-01,8292.67,8151.22,8373.91,8359.94,26243.386644
777,2019-10-02,8360.0,8060.0,8393.0,8223.96,30488.284058
778,2019-10-03,8224.43,8005.0,8232.41,8137.13,26476.330404
779,2019-10-04,8137.09,8012.98,8183.41,8126.19,21907.615564
780,2019-10-05,8127.55,7785.0,8153.87,7854.25,34676.104049
781,2019-10-06,7855.3,7762.0,8299.92,8190.09,52202.072297
782,2019-10-07,8190.82,8088.75,8325.0,8168.39,35452.657423
783,2019-10-08,8170.79,8115.0,8670.0,8560.74,55038.704378
784,2019-10-09,8562.15,8414.52,8644.0,8558.03,39137.946167
785,2019-10-10,8557.82,8212.38,8779.51,8258.5,50405.284418
786,2019-10-11,8257.95,8250.0,8400.0,8300.09,21339.334098
787,2019-10-12,8301.98,8160.0,8451.37,8275.01,27840.739953
788,2019-10-13,8275.24,8203.0,8388.85,8348.2,29810.663253
789,2019-10-14,8346.86,8090.0,8403.0,8159.29,32773.062476
790,2019-10-15,8159.3,7917.0,8181.16,7991.74,34733.593966
791,2019-10-16,7995.02,7929.03,8124.92,8070.58,29656.949158
792,2019-10-17,8070.71,7816.01,8115.0,7947.01,31353.181416
793,2019-10-18,7946.89,7866.92,8098.1,7948.01,26627.889388
794,2019-10-19,7949.87,7870.0,8297.0,8223.35,34286.452654
795,2019-10-20,8223.35,8142.03,8333.0,8197.27,30448.679539
796,2019-10-21,8197.28,8000.0,8297.99,8020.0,34651.828663
797,2019-10-22,8020.06,7300.0,8047.59,7466.62,63897.457098
798,2019-10-23,7468.47,7337.99,7503.68,7412.41,32714.383265
799,2019-10-24,7412.41,7361.0,8799.0,8655.02,90748.218174
800,2019-10-25,8655.88,8470.38,10370.0,9230.0,162588.585413
801,2019-10-26,9230.0,9074.34,9794.98,9529.93,93833.541604
802,2019-10-27,9528.23,9160.0,9902.1,9205.14,80174.217323
803,2019-10-28,9204.45,9072.0,9550.0,9407.62,64158.462446
804,2019-10-29,9407.62,9001.01,9409.84,9154.72,55241.786434
805,2019-10-30,9154.02,8913.0,9405.0,9140.85,54376.024902
806,2019-10-31,9140.86,9030.0,9279.0,9231.61,43594.814115
807,2019-11-01,9231.4,9186.21,9373.74,9289.52,28923.060828
808,2019-11-02,9289.85,9066.14,9362.57,9194.71,27894.378279
809,2019-11-03,9196.46,9115.84,9513.68,9393.35,45894.456277
810,2019-11-04,9392.4,9175.76,9454.95,9308.66,45935.873665
811,2019-11-05,9307.73,9250.01,9440.91,9339.05,37336.170372
812,2019-11-06,9339.16,9101.0,9375.0,9216.2,39117.470853
813,2019-11-07,9214.0,8696.0,9261.0,8773.73,62107.289243
814,2019-11-08,8773.74,8724.88,8880.0,8809.41,29469.481405
815,2019-11-09,8809.18,8750.0,9147.19,9039.47,34422.029797
816,2019-11-10,9040.16,8618.68,9072.32,8733.27,44888.053545
817,2019-11-11,8733.36,8567.6,8888.0,8821.94,40366.629471
818,2019-11-12,8821.91,8702.0,8844.99,8777.12,26810.116918
819,2019-11-13,8777.54,8582.6,8800.0,8646.68,33468.468961
820,2019-11-14,8646.38,8400.0,8790.0,8471.73,46087.417751
821,2019-11-15,8471.62,8400.0,8543.0,8491.02,20902.299752
822,2019-11-16,8490.74,8350.68,8635.0,8502.4,27009.037082
823,2019-11-17,8502.87,8060.0,8503.52,8187.17,43017.69094
824,2019-11-18,8186.5,8003.0,8218.63,8133.64,43556.061025
825,2019-11-19,8133.83,8038.4,8264.29,8098.01,32466.23098
826,2019-11-20,8098.56,7500.0,8134.73,7627.74,58418.780261
827,2019-11-21,7627.79,6790.0,7750.0,7268.23,126603.140259
828,2019-11-22,7268.23,7080.01,7344.48,7311.57,50449.894755
829,2019-11-23,7311.1,6861.0,7330.39,6903.28,67890.206483
830,2019-11-24,6900.23,6515.0,7377.69,7109.57,119645.735197
831,2019-11-25,7109.99,7017.48,7340.0,7156.14,65722.39769
832,2019-11-26,7154.75,6840.0,7655.0,7508.52,92452.87349
833,2019-11-27,7507.9,7360.0,7643.0,7419.49,56933.981109
834,2019-11-28,7418.52,7362.3,7850.0,7739.68,60745.300873
835,2019-11-29,7740.99,7441.0,7810.0,7541.89,46989.433619
836,2019-11-30,7540.63,7210.0,7541.85,7390.89,60769.342313
837,2019-12-01,7391.5,7151.1,7420.56,7294.28,46330.25604
838,2019-12-02,7294.42,7241.35,7400.0,7292.71,33149.477487
839,2019-12-03,7292.71,7067.0,7750.0,7194.32,83147.149142
840,2019-12-04,7194.59,7150.0,7485.0,7389.0,59306.678855
841,2019-12-05,7389.0,7305.0,7590.03,7527.47,48189.087944
842,2019-12-06,7527.8,7470.16,7619.62,7488.21,31498.684173
843,2019-12-07,7487.31,7374.86,7564.0,7510.11,29856.897631
844,2019-12-08,7510.11,7273.0,7650.0,7338.64,46621.887493
845,2019-12-09,7338.64,7157.1,7407.6,7224.13,49723.76214
846,2019-12-10,7224.15,7125.66,7275.5,7210.0,30093.091944
847,2019-12-11,7210.0,7080.3,7295.0,7198.08,42288.600932
848,2019-12-12,7197.76,7190.76,7309.05,7258.48,27609.873795
849,2019-12-13,7257.37,7012.0,7271.77,7064.05,29561.985967
850,2019-12-14,7064.14,7008.35,7200.3,7118.59,26395.778137
851,2019-12-15,7119.6,6836.0,7150.0,6891.72,43863.993059
852,2019-12-16,6891.44,6560.0,6942.21,6623.82,53865.069929
853,2019-12-17,6623.84,6435.0,7440.0,7277.83,95636.651251
854,2019-12-18,7277.83,7038.31,7380.0,7150.3,55509.049075
855,2019-12-19,7151.31,7079.5,7220.0,7187.83,32132.069205
856,2019-12-20,7188.01,7105.0,7190.58,7132.75,19467.174028
857,2019-12-21,7131.59,7122.47,7518.54,7501.44,39137.45515
858,2019-12-22,7500.71,7265.84,7695.38,7317.09,68051.997203
859,2019-12-23,7317.3,7157.04,7436.68,7255.77,43629.494188
860,2019-12-24,7255.77,7128.86,7271.77,7204.63,27492.044323
861,2019-12-25,7205.01,7157.12,7435.0,7202.0,36259.761076
862,2019-12-26,7202.0,7076.42,7275.86,7254.74,33642.701861
863,2019-12-27,7254.77,7238.67,7365.01,7316.14,26848.982199
864,2019-12-28,7315.36,7288.0,7528.45,7388.24,31387.106085
865,2019-12-29,7388.43,7220.0,7408.24,7246.0,29605.911782
866,2019-12-30,7246.0,7145.01,7320.0,7195.23,25954.453533
867,2019-12-31,7195.24,7175.15,7255.0,7200.85,16792.388165
868,2020-01-01,7200.77,6924.74,7212.5,6965.71,31951.483932
869,2020-01-02,6965.49,6871.04,7405.0,7344.96,68428.500451
870,2020-01-03,7345.0,7272.21,7404.0,7354.11,29987.974977
871,2020-01-04,7354.19,7318.0,7495.0,7358.75,38331.085604
872,2020-01-05,7357.64,7346.76,7795.34,7758.0,54635.695316
873,2020-01-06,7758.9,7723.71,8207.68,8145.28,91171.684661
874,2020-01-07,8145.92,7870.0,8455.0,8055.98,112622.64264
875,2020-01-08,8054.72,7750.0,8055.96,7817.76,64239.51983
876,2020-01-09,7817.74,7672.0,8199.0,8197.02,82406.777448
877,2020-01-10,8198.86,8003.16,8286.34,8020.01,54810.032667
878,2020-01-11,8020.01,7960.0,8197.0,8184.98,38131.494336
879,2020-01-12,8184.97,8055.89,8196.0,8110.34,31159.755683
880,2020-01-13,8110.34,8105.54,8880.0,8810.01,120399.126742
881,2020-01-14,8814.64,8564.0,8916.48,8821.41,84816.297606
882,2020-01-15,8820.01,8586.0,8859.81,8720.01,51991.074284
883,2020-01-16,8720.15,8672.44,9041.65,8913.28,70897.737377
884,2020-01-17,8913.27,8806.38,8988.88,8915.96,38294.746545
885,2020-01-18,8915.09,8466.0,9198.98,8701.7,70676.889259
886,2020-01-19,8701.72,8521.28,8746.99,8642.35,38896.639746
887,2020-01-20,8642.35,8488.0,8789.0,8736.03,36494.687659
888,2020-01-21,8736.04,8590.0,8818.0,8682.36,29080.557138
889,2020-01-22,8682.77,8306.39,8691.81,8404.52,48165.944597
890,2020-01-23,8404.52,8238.0,8528.02,8439.0,41687.529529
891,2020-01-24,8438.99,8254.9,8451.26,8340.58,25521.157932
892,2020-01-25,8340.01,8293.66,8618.13,8615.0,31130.485164
893,2020-01-26,8614.39,8535.0,9000.0,8907.57,53973.542996
894,2020-01-27,8907.57,8862.4,9400.0,9374.21,74584.853765
895,2020-01-28,9375.34,9216.0,9449.24,9301.53,53864.065122
896,2020-01-29,9301.57,9204.44,9578.0,9513.21,60626.744259
897,2020-01-30,9511.52,9210.01,9530.22,9352.89,45552.022352
898,2020-01-31,9351.71,9281.0,9464.53,9384.61,28578.067354
899,2020-02-01,9384.41,9120.0,9477.03,9331.51,45690.91254
900,2020-02-02,9331.59,9234.0,9618.79,9292.24,50892.133451
901,2020-02-03,9291.35,9093.01,9350.0,9197.02,53308.175266
902,2020-02-04,9197.02,9177.22,9744.45,9612.04,64870.415615
903,2020-02-05,9612.03,9526.35,9862.57,9772.0,64949.706588
904,2020-02-06,9772.0,9730.0,9885.0,9813.73,43966.114632
905,2020-02-07,9813.87,9667.11,9940.0,9895.05,43600.843666
906,2020-02-08,9895.04,9880.75,10166.0,10151.75,43408.475616
907,2020-02-09,10151.72,9756.0,10188.0,9851.83,59573.084619
908,2020-02-10,9851.74,9700.0,10323.59,10223.08,62422.395224
909,2020-02-11,10223.08,10223.08,10450.0,10326.46,61008.06393
910,2020-02-12,10325.33,10080.0,10500.0,10229.63,79344.358759
911,2020-02-13,10227.78,10111.37,10381.56,10344.36,47038.480173
912,2020-02-14,10344.36,9801.0,10375.0,9904.72,57657.202947
913,2020-02-15,9904.46,9638.12,10050.0,9917.27,60023.999537
914,2020-02-16,9910.7,9452.67,9964.16,9706.0,70261.011901
915,2020-02-17,9706.0,9576.01,10250.0,10164.71,70604.124019
916,2020-02-18,10164.78,9350.0,10250.0,9593.79,55162.586895
917,2020-02-19,9594.65,9400.0,9699.0,9596.42,60152.342914
918,2020-02-20,9597.21,9550.21,9755.51,9677.05,42181.554524
919,2020-02-21,9677.05,9560.02,9709.17,9650.86,24636.757623
920,2020-02-22,9650.85,9645.0,9990.0,9936.4,37702.089843
921,2020-02-23,9936.4,9473.56,9990.0,9656.13,55796.59612
922,2020-02-24,9655.52,9250.0,9675.0,9315.84,54379.344552
923,2020-02-25,9316.48,8633.63,9377.44,8785.25,92130.345482
924,2020-02-26,8786.0,8531.0,8971.77,8823.21,72483.578762
925,2020-02-27,8823.25,8445.0,8900.0,8692.91,71155.208977
926,2020-02-28,8690.8,8523.55,8790.0,8523.61,36748.183035
927,2020-02-29,8523.61,8411.0,8750.0,8531.88,43892.201779
928,2020-03-01,8530.3,8498.0,8965.75,8915.24,60401.31773
929,2020-03-02,8911.18,8651.0,8919.65,8760.07,55154.997282
930,2020-03-03,8760.07,8660.0,8848.29,8750.87,38696.482578
931,2020-03-04,8750.99,8746.54,9159.42,9054.68,58201.866355
932,2020-03-05,9054.64,8985.5,9170.0,9131.88,43782.948044
933,2020-03-06,9130.89,8835.0,9188.0,8886.66,45422.204525
934,2020-03-07,8885.25,8000.0,8886.76,8033.31,77537.315166
935,2020-03-08,8034.76,7632.01,8179.31,7929.87,116968.863268
936,2020-03-09,7929.87,7728.01,8149.0,7894.56,86783.443875
937,2020-03-10,7894.57,7590.0,7980.0,7934.52,79942.411172
938,2020-03-11,7934.58,4410.0,7966.17,4800.0,261505.608653
939,2020-03-12,4800.01,3782.13,5955.0,5578.6,402201.673764
940,2020-03-13,5576.05,5055.13,5640.52,5172.06,136910.135974
941,2020-03-14,5172.48,5093.1,5940.0,5361.3,139916.146534
942,2020-03-15,5360.33,4442.12,5365.42,5028.97,227276.92276
943,2020-03-16,5028.86,4921.45,5525.0,5312.64,150089.926318
944,2020-03-17,5312.64,5009.37,5436.17,5393.04,137127.634894
945,2020-03-18,5393.26,5252.53,6400.0,6162.37,199020.873439
946,2020-03-19,6162.05,5670.0,6900.0,6208.36,219298.329514
947,2020-03-20,6204.57,5860.02,6456.98,6186.98,128913.668363
948,2020-03-21,6187.04,5734.01,6407.87,5816.19,119115.990527
949,2020-03-22,5816.05,5688.0,6600.0,6467.31,164674.215785
950,2020-03-23,6465.25,6371.33,6833.0,6744.72,151138.009878
951,2020-03-24,6744.69,6450.0,6957.96,6677.43,132155.734989
952,2020-03-25,6677.42,6510.0,6780.0,6737.36,83026.555211
953,2020-03-26,6737.27,6261.0,6842.59,6359.11,82914.968354
954,2020-03-27,6359.11,6024.0,6360.0,6236.65,93159.693429
955,2020-03-28,6236.65,5866.56,6266.0,5881.42,63311.627714
956,2020-03-29,5880.5,5857.76,6599.0,6394.38,118889.549992
957,2020-03-30,6394.45,6321.4,6523.23,6410.44,72337.595259
958,2020-03-31,6412.14,6150.11,6679.94,6642.92,97500.7524
959,2020-04-01,6643.36,6551.0,7198.0,6794.09,149299.906871
960,2020-04-02,6793.86,6602.1,7048.0,6734.1,104080.276939
961,2020-04-03,6732.97,6650.01,6990.41,6856.99,72990.861139
962,2020-04-04,6857.41,6677.52,6895.54,6772.78,49685.356983
963,2020-04-05,6772.78,6765.0,7355.14,7329.9,118052.000832
964,2020-04-06,7329.9,7077.0,7459.69,7197.32,103585.168918
965,2020-04-07,7197.32,7150.0,7420.0,7361.28,76059.145838
966,2020-04-08,7360.26,7108.08,7371.92,7283.54,61094.872417
967,2020-04-09,7283.54,6739.98,7295.75,6858.92,104674.623375
968,2020-04-10,6858.92,6760.0,6944.3,6876.83,45470.293206
969,2020-04-11,6876.84,6780.0,7177.0,6903.79,73868.666501
970,2020-04-12,6903.79,6575.0,6903.79,6837.91,96415.476573
971,2020-04-13,6838.04,6754.28,6978.0,6868.7,69068.623285
972,2020-04-14,6868.57,6605.0,6933.0,6621.24,61571.384994
973,2020-04-15,6621.25,6468.27,7190.0,7101.94,125009.857539
974,2020-04-16,7101.99,6972.98,7148.12,7027.55,54126.509763
975,2020-04-17,7026.78,7014.4,7293.08,7248.6,49488.542819
976,2020-04-18,7248.6,7055.6,7266.15,7120.74,45664.86393
977,2020-04-19,7121.4,6751.0,7220.0,6826.83,90149.49137
978,2020-04-20,6828.98,6762.0,6940.0,6841.37,60109.710808
979,2020-04-21,6841.36,6818.0,7156.38,7125.14,61486.377334
980,2020-04-22,7125.12,7020.0,7738.0,7482.39,102773.569561
981,2020-04-23,7483.96,7388.0,7615.96,7505.0,60182.119939
982,2020-04-24,7505.0,7431.07,7705.0,7538.67,43874.427726
983,2020-04-25,7539.03,7480.0,7700.0,7693.1,50522.616209
984,2020-04-26,7693.1,7606.0,7792.02,7774.62,65441.339576
985,2020-04-27,7773.51,7659.12,7780.0,7738.98,46302.752638
986,2020-04-28,7738.58,7710.05,8952.89,8778.57,183546.887514
987,2020-04-29,8778.58,8401.0,9460.0,8620.0,206277.214124
988,2020-04-30,8620.0,8613.56,9059.18,8826.96,91468.815059
989,2020-05-01,8825.67,8753.0,9010.0,8972.05,59002.08755
990,2020-05-02,8972.58,8712.0,9200.0,8894.16,90126.065643
991,2020-05-03,8894.15,8522.0,8950.0,8871.96,84418.512331
992,2020-05-04,8871.92,8760.0,9118.58,9021.83,76480.765342
993,2020-05-05,9021.36,8906.21,9395.0,9142.92,105925.30242
994,2020-05-06,9143.4,9021.0,10067.0,9986.4,147154.611378
995,2020-05-07,9986.3,9705.0,10035.96,9800.01,100683.7964
996,2020-05-08,9800.02,9520.0,9914.25,9539.4,81950.679567
997,2020-05-09,9539.1,8117.0,9574.83,8722.77,183865.182028
998,2020-05-10,8722.77,8200.0,9168.0,8561.52,168807.251832
999,2020-05-11,8562.04,8528.78,8978.26,8810.79,86522.780066
1000,2020-05-12,8810.99,8792.99,9398.0,9309.37,92466.274018
1001,2020-05-13,9309.35,9256.76,9939.0,9791.98,129565.37747
1002,2020-05-14,9791.97,9150.0,9845.62,9316.42,115890.761516
1003,2020-05-15,9315.96,9220.0,9588.0,9381.27,59587.627862
1004,2020-05-16,9380.81,9322.1,9888.0,9680.04,68647.764323
1005,2020-05-17,9681.11,9464.23,9950.0,9733.93,82006.603583
1006,2020-05-18,9733.93,9474.0,9897.21,9775.53,78539.760454
1007,2020-05-19,9775.13,9326.0,9842.0,9511.43,74923.73809
1008,2020-05-20,9511.43,8815.0,9578.47,9068.65,108928.780969
1009,2020-05-21,9067.51,8933.52,9271.0,9170.0,58943.131024
1010,2020-05-22,9170.0,9070.0,9307.85,9179.15,43526.296966
1011,2020-05-23,9179.01,8700.0,9298.0,8720.34,70379.86645
1012,2020-05-24,8718.14,8642.72,8979.66,8900.35,62833.910949
1013,2020-05-25,8900.35,8700.0,9017.67,8841.18,58299.770138
1014,2020-05-26,8841.0,8811.73,9225.0,9204.07,68910.355514
1015,2020-05-27,9204.07,9110.0,9625.47,9575.89,74110.787662
1016,2020-05-28,9575.87,9330.0,9605.26,9427.07,57374.362961
1017,2020-05-29,9426.6,9331.23,9740.0,9697.72,55665.27254
1018,2020-05-30,9697.72,9381.41,9700.0,9448.27,48333.786403
1019,2020-05-31,9448.27,9421.67,10380.0,10200.77,76649.12696
1020,2020-06-01,10202.71,9266.0,10228.99,9518.04,108970.773151
1021,2020-06-02,9518.02,9365.21,9690.0,9666.24,46252.644939
1022,2020-06-03,9666.32,9450.0,9881.63,9789.06,57456.100969
1023,2020-06-04,9788.14,9581.0,9854.75,9621.16,47788.05005
1024,2020-06-05,9621.17,9531.05,9735.0,9666.3,32752.950893
1025,2020-06-06,9666.85,9372.46,9802.0,9746.99,57952.848385
1026,2020-06-07,9746.99,9633.0,9800.0,9782.01,40664.664125
1027,2020-06-08,9782.0,9570.0,9877.0,9772.43,46024.001289
1028,2020-06-09,9772.44,9704.18,9992.72,9885.0,47130.762982
1029,2020-06-10,9885.22,9113.0,9964.0,9280.4,94418.98473
1030,2020-06-11,9278.88,9232.51,9557.12,9465.13,50119.066932
1031,2020-06-12,9464.96,9351.0,9494.73,9473.34,27759.784851
1032,2020-06-13,9473.34,9245.0,9480.99,9342.1,30055.506608
1033,2020-06-14,9342.1,8910.45,9495.0,9426.02,86107.924707
1034,2020-06-15,9426.05,9373.09,9589.0,9525.59,52052.446927
1035,2020-06-16,9526.97,9236.61,9565.0,9465.14,48046.411152
1036,2020-06-17,9465.13,9280.0,9489.0,9386.32,37381.953765
1037,2020-06-18,9386.32,9215.79,9438.3,9310.23,45330.983673
1038,2020-06-19,9310.23,9170.95,9395.0,9358.95,30329.065384
1039,2020-06-20,9358.95,9281.54,9422.0,9294.69,24316.926234
1040,2020-06-21,9294.69,9277.09,9780.0,9685.69,57895.468343
1041,2020-06-22,9685.69,9577.03,9720.0,9624.89,41031.02938
1042,2020-06-23,9624.33,9208.0,9670.0,9296.49,61571.561464
1043,2020-06-24,9298.33,9009.69,9340.0,9249.49,55831.619156
1044,2020-06-25,9249.49,9045.45,9298.0,9162.21,50292.298277
1045,2020-06-26,9162.21,8833.0,9196.24,9012.0,46290.930113
1046,2020-06-27,9012.0,8948.06,9191.0,9116.35,30688.176421
1047,2020-06-28,9116.16,9024.67,9238.0,9192.56,42120.293261
1048,2020-06-29,9192.93,9064.89,9205.0,9138.55,31463.162801
1049,2020-06-30,9138.08,9080.1,9292.0,9232.0,38488.528699
1050,2020-07-01,9231.99,8940.0,9261.96,9086.54,45725.168076
1051,2020-07-02,9086.54,9037.47,9125.0,9058.26,28943.420177
1052,2020-07-03,9057.79,9040.04,9190.0,9135.46,26441.968484
1053,2020-07-04,9135.0,8893.03,9145.24,9069.41,34073.653627
1054,2020-07-05,9069.41,9055.92,9375.0,9344.2,54463.132277
1055,2020-07-06,9342.47,9203.0,9379.42,9257.39,34587.336678
1056,2020-07-07,9257.4,9231.0,9470.0,9436.06,56140.517781
1057,2020-07-08,9436.06,9160.0,9440.79,9232.43,48044.450645
1058,2020-07-09,9232.42,9125.0,9317.48,9288.34,38295.494006
1059,2020-07-10,9288.34,9178.25,9299.28,9234.03,22561.366
1060,2020-07-11,9234.02,9157.5,9345.0,9302.75,30872.702286
1061,2020-07-12,9303.31,9200.89,9343.82,9242.62,42740.069115
1062,2020-07-13,9242.61,9113.0,9279.54,9255.85,45772.552509
1063,2020-07-14,9255.85,9160.57,9276.49,9197.6,39053.579665
1064,2020-07-15,9197.6,9047.25,9226.15,9133.72,43375.571191
1065,2020-07-16,9133.72,9089.81,9186.83,9154.32,28054.358741
1066,2020-07-17,9154.31,9121.1,9219.3,9170.28,22554.541457
1067,2020-07-18,9170.3,9101.35,9232.27,9208.99,26052.019417
1068,2020-07-19,9208.99,9131.0,9221.52,9160.78,35458.764082
1069,2020-07-20,9160.78,9152.8,9437.73,9390.0,60413.582486
1070,2020-07-21,9390.0,9261.0,9544.0,9518.16,48815.004107
1071,2020-07-22,9518.16,9440.33,9664.0,9603.27,51856.2335
1072,2020-07-23,9603.27,9463.44,9637.0,9537.8,43931.136205
1073,2020-07-24,9538.1,9513.0,9732.9,9700.42,40679.545416
1074,2020-07-25,9700.42,9650.0,10111.0,9931.54,65279.269319
1075,2020-07-26,9931.54,9917.21,11394.86,11029.96,150188.933144
1076,2020-07-27,11029.96,10565.0,11242.23,10906.27,97267.734187
1077,2020-07-28,10906.27,10812.0,11342.82,11100.53,76838.094233
1078,2020-07-29,11100.52,10831.0,11170.0,11099.61,60794.826456
1079,2020-07-30,11099.79,10960.0,11444.0,11335.46,70063.660974
1080,2020-07-31,11335.46,11220.0,11861.0,11801.17,85087.485126
1081,2020-08-01,11801.17,10518.5,12123.46,11071.35,97553.077604
1082,2020-08-02,11071.36,10936.0,11473.0,11219.81,56931.841475
1083,2020-08-03,11219.68,11000.0,11414.98,11191.97,58629.113709
1084,2020-08-04,11191.99,11093.0,11780.93,11744.91,74970.256852
1085,2020-08-05,11744.91,11562.5,11900.0,11762.46,63529.08502
1086,2020-08-06,11762.47,11322.0,11909.94,11594.23,65755.926022
1087,2020-08-07,11594.36,11512.0,11808.27,11761.41,41858.16104
1088,2020-08-08,11761.02,11521.97,11797.11,11681.68,41493.067342
1089,2020-08-09,11681.69,11450.0,12067.35,11892.92,84952.337887
1090,2020-08-10,11892.9,11125.0,11935.0,11392.08,90748.284634
1091,2020-08-11,11392.09,11150.0,11617.52,11564.33,64909.613644
1092,2020-08-12,11564.34,11270.36,11792.96,11780.0,70132.491502
1093,2020-08-13,11779.77,11634.03,11850.0,11760.54,59818.852697
1094,2020-08-14,11760.55,11680.0,11980.0,11852.4,56237.90505
1095,2020-08-15,11852.4,11686.0,11931.72,11911.0,41368.236906
1096,2020-08-16,11910.99,11769.78,12468.0,12281.13,84734.21154
1097,2020-08-17,12281.15,11817.93,12387.77,11945.01,75923.835527
1098,2020-08-18,11945.1,11561.0,12020.08,11754.59,73940.169606
1099,2020-08-19,11754.38,11668.0,11888.0,11853.55,46085.254351
1100,2020-08-20,11853.54,11485.81,11878.0,11531.34,64448.306142
1101,2020-08-21,11531.23,11376.81,11686.0,11662.96,43678.701646
1102,2020-08-22,11663.51,11514.13,11718.07,11648.13,37900.00469
1103,2020-08-23,11648.12,11585.09,11824.9,11748.2,46212.391867
1104,2020-08-24,11748.19,11117.64,11767.85,11318.42,69590.923272
1105,2020-08-25,11318.42,11244.0,11539.32,11461.43,53998.231231
1106,2020-08-26,11461.42,11125.0,11592.2,11330.38,63246.036383
1107,2020-08-27,11330.38,11276.89,11542.65,11526.91,45953.908365
1108,2020-08-28,11526.9,11417.04,11580.02,11465.84,32973.7992
1109,2020-08-29,11465.84,11458.0,11719.0,11711.16,43177.879054
1110,2020-08-30,11711.17,11570.0,11800.77,11649.51,55353.617744
1111,2020-08-31,11649.51,11515.0,12050.85,11921.97,78148.193668
1112,2020-09-01,11921.97,11160.1,11954.57,11388.54,87221.845602
1113,2020-09-02,11388.54,9960.8,11462.6,10140.85,121950.106015
1114,2020-09-03,10138.29,9875.5,10627.05,10446.25,92733.599113
1115,2020-09-04,10446.25,9825.0,10565.68,10166.69,90001.605568
1116,2020-09-05,10166.69,9994.86,10347.14,10256.2,56368.788815
1117,2020-09-06,10255.89,9875.0,10410.75,10373.44,62620.230676
1118,2020-09-07,10373.45,9850.0,10438.0,10126.65,73491.878418
1119,2020-09-08,10126.66,9981.01,10343.0,10219.2,49347.113776
1120,2020-09-09,10219.29,10070.83,10483.35,10336.87,58253.75375
1121,2020-09-10,10336.86,10200.0,10397.6,10387.89,43830.254467
1122,2020-09-11,10387.89,10269.25,10477.97,10440.92,35379.153096
1123,2020-09-12,10440.67,10200.0,10580.11,10332.83,43837.609865
1124,2020-09-13,10332.84,10212.34,10750.0,10671.77,67059.291361
1125,2020-09-14,10671.77,10606.48,10930.04,10785.31,61822.452786
1126,2020-09-15,10785.23,10661.22,11093.0,10954.01,64991.51244
1127,2020-09-16,10954.01,10745.83,11045.46,10939.99,55601.614529
1128,2020-09-17,10940.0,10812.84,11038.03,10933.39,47266.728275
1129,2020-09-18,10933.4,10887.37,11179.79,11080.65,38440.036858
1130,2020-09-19,11080.64,10723.0,11080.64,10920.28,39157.922565
1131,2020-09-20,10920.28,10296.35,10988.86,10417.22,70683.431179
1132,2020-09-21,10417.22,10353.0,10572.71,10529.61,43991.235476
1133,2020-09-22,10529.61,10136.82,10537.15,10241.46,51876.568079
1134,2020-09-23,10241.46,10190.93,10795.24,10736.32,57676.619427
1135,2020-09-24,10736.33,10556.24,10760.53,10686.67,48101.117008
1136,2020-09-25,10686.57,10644.68,10820.94,10728.6,28420.836659
1137,2020-09-26,10728.59,10594.82,10799.0,10774.25,30549.483253
1138,2020-09-27,10774.26,10626.0,10950.0,10696.12,50095.251734
1139,2020-09-28,10696.11,10635.87,10867.54,10840.48,41874.898399
1140,2020-09-29,10840.58,10665.13,10849.34,10776.59,39596.027322
1141,2020-09-30,10776.59,10437.0,10920.0,10619.13,60866.332893
1142,2020-10-01,10619.13,10374.0,10664.64,10570.4,50130.393705
1143,2020-10-02,10570.4,10496.46,10603.56,10542.06,22298.221341
1144,2020-10-03,10542.07,10517.87,10696.87,10666.63,23212.001595
1145,2020-10-04,10666.62,10615.64,10798.0,10792.21,34025.761653
1146,2020-10-05,10792.2,10525.0,10800.0,10599.66,48674.740471
1147,2020-10-06,10599.65,10546.17,10681.87,10666.39,32811.990279
1148,2020-10-07,10666.4,10530.41,10950.0,10925.57,51959.691572
1149,2020-10-08,10925.44,10829.0,11104.64,11050.64,48240.073237
1150,2020-10-09,11050.64,11050.51,11491.0,11293.22,43648.036943
1151,2020-10-10,11293.22,11221.0,11445.0,11369.02,29043.851339
1152,2020-10-11,11369.02,11172.0,11720.01,11528.25,52825.28371
1153,2020-10-12,11528.24,11300.0,11557.0,11420.56,42205.283709
1154,2020-10-13,11420.57,11280.0,11547.98,11417.89,41415.106015
1155,2020-10-14,11417.89,11250.83,11617.34,11505.12,48760.717679
1156,2020-10-15,11505.13,11200.0,11541.15,11319.32,48797.749502
1157,2020-10-16,11319.24,11255.0,11402.42,11360.2,22368.915241
1158,2020-10-17,11360.31,11346.22,11505.0,11503.14,23284.041191
1159,2020-10-18,11503.14,11407.96,11823.99,11751.47,47414.534692
1160,2020-10-19,11751.46,11677.59,12038.38,11909.99,62134.750663
1161,2020-10-20,11910.0,11886.95,13217.68,12780.96,114584.456767
1162,2020-10-21,12780.75,12678.08,13185.0,12968.52,70038.824144
1163,2020-10-22,12968.84,12720.08,13027.69,12923.07,50386.999841
1164,2020-10-23,12923.06,12870.0,13166.73,13111.73,35952.20907
1165,2020-10-24,13111.73,12888.0,13350.0,13028.83,38481.579504
1166,2020-10-25,13029.64,12765.0,13238.81,13052.19,60951.672986
1167,2020-10-26,13052.15,13019.87,13789.29,13636.17,80796.553996
1168,2020-10-27,13636.16,12888.0,13859.48,13266.4,94440.561226
1169,2020-10-28,13266.4,12920.77,13642.91,13455.7,74872.602132
1170,2020-10-29,13455.69,13115.0,13669.98,13560.1,70657.778881
1171,2020-10-30,13560.1,13411.5,14100.0,13791.0,67339.238515
1172,2020-10-31,13791.0,13603.0,13895.0,13761.5,36285.648526
1173,2020-11-01,13761.49,13195.05,13830.0,13549.37,64566.421908
1174,2020-11-02,13549.63,13284.99,14066.11,14023.53,74115.630787
1175,2020-11-03,14023.53,13525.0,14259.0,14144.01,93016.988262
1176,2020-11-04,14144.01,14093.56,15750.0,15590.02,143741.522673
1177,2020-11-05,15590.02,15166.0,15960.0,15579.92,122618.197695
1178,2020-11-06,15579.93,14344.22,15753.52,14818.3,101431.206553
1179,2020-11-07,14818.3,14703.88,15650.0,15475.1,65547.178574
1180,2020-11-08,15475.1,14805.54,15840.0,15328.41,108976.334134
1181,2020-11-09,15328.41,15072.46,15460.0,15297.21,61681.919606
1182,2020-11-10,15297.21,15272.68,15965.0,15684.24,78469.746458
1183,2020-11-11,15684.25,15440.64,16340.7,16291.86,102196.356592
1184,2020-11-12,16291.85,15952.35,16480.0,16320.7,75691.881014
1185,2020-11-13,16320.04,15670.0,16326.99,16070.45,59116.347179
1186,2020-11-14,16069.56,15774.72,16180.0,15957.0,43596.841513
1187,2020-11-15,15957.0,15864.0,16880.0,16713.57,81300.675924
1188,2020-11-16,16713.08,16538.0,17858.82,17659.38,115221.403102
1189,2020-11-17,17659.38,17214.45,18476.93,17776.12,149019.788134
1190,2020-11-18,17777.75,17335.65,18179.8,17802.82,93009.561008
1191,2020-11-19,17802.81,17740.04,18815.22,18655.67,88423.018489
1192,2020-11-20,18655.66,18308.58,18965.9,18703.8,75577.458394
1193,2020-11-21,18703.8,17610.86,18750.0,18414.43,81645.737778
1194,2020-11-22,18413.88,18000.0,18766.0,18368.0,82961.506093
1195,2020-11-23,18368.01,18018.0,19418.97,19160.01,113581.509241
1196,2020-11-24,19160.0,18500.27,19484.21,18719.11,93266.576887
1197,2020-11-25,18718.83,16188.0,18915.03,17149.47,181005.246693
1198,2020-11-26,17149.47,16438.08,17457.62,17139.52,85297.024787
1199,2020-11-27,17139.53,16865.56,17880.49,17719.85,64910.69997
1200,2020-11-28,17719.84,17517.0,18360.05,18184.99,55329.016303
1201,2020-11-29,18185.0,18184.99,19863.16,19695.87,115463.466888
1202,2020-11-30,19695.87,18001.12,19888.0,18764.96,127698.762652
1203,2020-12-01,18764.96,18330.0,19342.0,19204.09,75911.013478
1204,2020-12-02,19204.08,18867.2,19598.0,19421.9,66689.391279
1205,2020-12-03,19422.34,18565.31,19527.0,18650.52,71283.6682
1206,2020-12-04,18650.51,18500.0,19177.0,19147.66,42922.748573
1207,2020-12-05,19147.66,18857.0,19420.0,19359.4,37043.091861
1208,2020-12-06,19358.67,18902.88,19420.91,19166.9,41372.296293
1209,2020-12-07,19166.9,18200.0,19294.84,18324.11,61626.947614
1210,2020-12-08,18324.11,17650.0,18639.57,18541.28,79585.553801
1211,2020-12-09,18541.29,17911.12,18557.32,18254.63,52890.675094
1212,2020-12-10,18254.81,17572.33,18292.73,18036.53,72610.724259
1213,2020-12-11,18036.53,18020.7,18948.66,18808.69,49519.978432
1214,2020-12-12,18808.69,18711.12,19411.0,19174.99,56560.821744
1215,2020-12-13,19174.99,19000.0,19349.0,19273.14,47257.201294
1216,2020-12-14,19273.69,19050.0,19570.0,19426.43,61834.366011
1217,2020-12-15,19426.43,19278.6,21560.0,21335.52,114306.33557
1218,2020-12-16,21335.52,21230.0,23800.0,22797.16,184882.476748
1219,2020-12-17,22797.15,22350.0,23285.18,23107.39,79646.134315
1220,2020-12-18,23107.39,22750.0,24171.47,23821.61,86045.064677
1221,2020-12-19,23821.6,23060.0,24295.0,23455.52,76690.145685
1222,2020-12-20,23455.54,21815.0,24102.77,22719.71,88030.297243
1223,2020-12-21,22719.88,22353.4,23837.1,23810.79,87033.12616
1224,2020-12-22,23810.79,22600.0,24100.0,23232.76,119047.259733
1225,2020-12-23,23232.39,22703.42,23794.43,23729.2,69013.834252
1226,2020-12-24,23728.99,23433.6,24789.86,24712.47,79519.943569
1227,2020-12-25,24712.47,24500.0,26867.03,26493.39,97806.513386
1228,2020-12-26,26493.4,25700.0,28422.0,26281.66,148455.586214
1229,2020-12-27,26281.54,26101.0,27500.0,27079.41,79721.742496
1230,2020-12-28,27079.42,25880.0,27410.0,27385.0,69411.592606
1231,2020-12-29,27385.0,27320.0,28996.0,28875.54,95356.057826
1232,2020-12-30,28875.55,27850.0,29300.0,28923.63,75508.505152
1233,2020-12-31,28923.63,28624.57,29600.0,29331.69,54182.925011
1234,2021-01-01,29331.7,28946.53,33300.0,32178.33,129993.873362
1235,2021-01-02,32176.45,31962.99,34778.11,33000.05,120957.56675
1236,2021-01-03,33000.05,28130.0,33600.0,31988.71,140899.88569
1237,2021-01-04,31989.75,29900.0,34360.0,33949.53,116049.997038
1238,2021-01-05,33949.53,33288.0,36939.21,36769.36,127139.20131
1239,2021-01-06,36769.36,36300.0,40365.0,39432.28,132825.700437
1240,2021-01-07,39432.48,36500.0,41950.0,40582.81,139789.957499
1241,2021-01-08,40586.96,38720.0,41380.0,40088.22,75785.979675
1242,2021-01-09,40088.22,35111.11,41350.0,38150.02,118209.544503
1243,2021-01-10,38150.02,30420.0,38264.74,35404.47,249131.539943
1244,2021-01-11,35410.37,32531.0,36628.0,34051.24,133948.151996
1245,2021-01-12,34049.15,32380.0,37850.0,37371.38,124477.914938
1246,2021-01-13,37371.38,36701.23,40100.0,39144.5,102950.389421
1247,2021-01-14,39145.21,34408.0,39747.76,36742.22,118300.920916
1248,2021-01-15,36737.43,35357.8,37950.0,35994.98,86348.431508
1249,2021-01-16,35994.98,33850.0,36852.5,35828.61,80157.727384
1250,2021-01-17,35824.99,34800.0,37469.83,36631.27,70698.11875
1251,2021-01-18,36622.46,35844.06,37850.0,35891.49,79611.307769
1252,2021-01-19,35901.94,33400.0,36415.31,35468.23,89368.422918
1253,2021-01-20,35468.23,30071.0,35600.0,30850.13,131803.182926
1254,2021-01-21,30851.99,28850.0,33826.53,32945.17,142971.684049
1255,2021-01-22,32950.0,31390.16,33456.0,32078.0,64595.287675
1256,2021-01-23,32078.0,30900.0,33071.0,32259.9,57978.037966
1257,2021-01-24,32259.45,31910.0,34875.0,32254.2,88499.226921
1258,2021-01-25,32254.19,30837.37,32921.88,32467.77,84972.20691
1259,2021-01-26,32464.01,29241.72,32557.29,30366.15,95911.961711
1260,2021-01-27,30362.19,29842.1,33783.98,33364.86,92621.145617
1261,2021-01-28,33368.18,31915.4,38531.9,34252.2,231827.005626
1262,2021-01-29,34246.28,32825.0,34933.0,34262.88,84889.68134
1263,2021-01-30,34262.89,32171.67,34342.69,33092.98,68742.280384
1264,2021-01-31,33092.97,32296.16,34717.27,33526.37,82718.276882
1265,2021-02-01,33517.09,33418.0,35984.33,35466.24,78056.65988
1266,2021-02-02,35472.71,35362.38,37662.63,37618.87,80784.333663
1267,2021-02-03,37620.26,36161.95,38708.27,36936.66,92080.735898
1268,2021-02-04,36936.65,36570.0,38310.12,38290.24,66681.334275
1269,2021-02-05,38289.32,38215.94,40955.51,39186.94,98757.311183
1270,2021-02-06,39181.01,37351.0,39700.0,38795.69,84363.679763
1271,2021-02-07,38795.69,37988.89,46794.45,46374.87,138597.536914
1272,2021-02-08,46374.86,44961.09,48142.19,46420.42,115499.861712
1273,2021-02-09,46420.42,43727.0,47310.0,44807.58,97154.1822
1274,2021-02-10,44807.58,43994.02,48678.9,47969.51,89561.081454
1275,2021-02-11,47968.66,46125.0,48985.8,47287.6,85870.035697
1276,2021-02-12,47298.15,46202.53,48150.0,47153.69,63768.097399
1277,2021-02-13,47156.78,47014.17,49707.43,48577.79,73735.475533
1278,2021-02-14,48580.47,45570.79,49010.92,47911.1,79398.156784
1279,2021-02-15,47911.1,47003.62,50689.18,49133.45,88813.266298
1280,2021-02-16,49133.45,48947.0,52618.74,52119.71,85743.637818
1281,2021-02-17,52117.67,50901.9,52530.0,51552.6,60758.046954
1282,2021-02-18,51552.61,50710.2,56368.0,55906.0,79659.77802
1283,2021-02-19,55906.0,53863.93,57700.46,55841.19,80948.205314
1284,2021-02-20,55841.19,55477.59,58352.8,57408.57,58166.708511
1285,2021-02-21,57412.35,47622.0,57508.47,54087.67,134019.434944
1286,2021-02-22,54087.67,44892.56,54183.59,48891.0,169375.025051
1287,2021-02-23,48891.0,46988.69,51374.99,49676.2,91881.209252
1288,2021-02-24,49676.21,46674.34,52041.73,47073.73,83310.673121
1289,2021-02-25,47073.73,44106.78,48424.11,46276.87,109423.200663
1290,2021-02-26,46276.88,45000.0,48394.0,46106.43,66060.834292
1291,2021-02-27,46103.67,43000.0,46638.46,45135.66,83055.369042
1292,2021-02-28,45134.11,44950.53,49790.0,49587.03,85086.111648
1293,2021-03-01,49595.76,47047.6,50200.0,48440.65,64221.06214
1294,2021-03-02,48436.61,48100.71,52640.0,50349.37,81035.913705
1295,2021-03-03,50349.37,47500.0,51773.88,48374.09,82649.716829
1296,2021-03-04,48374.09,46300.0,49448.93,48751.71,78192.496372
1297,2021-03-05,48746.81,47070.0,49200.0,48882.2,44399.234242
1298,2021-03-06,48882.2,48882.2,51450.03,50971.75,55235.028032
1299,2021-03-07,50959.11,49274.67,52402.78,52375.17,66987.359664
1300,2021-03-08,52375.18,51789.41,54895.0,54884.5,71656.737076
1301,2021-03-09,54874.67,53005.0,57387.69,55851.59,84749.238943
1302,2021-03-10,55851.59,54272.82,58150.0,57773.16,81914.812859
1303,2021-03-11,57773.15,54962.84,58081.51,57221.72,73405.406047
1304,2021-03-12,57221.72,56078.23,61844.0,61188.39,83245.091346
1305,2021-03-13,61188.38,58966.78,61724.79,58968.31,52601.05275
1306,2021-03-14,58976.08,54600.0,60633.43,55605.2,102771.427298
1307,2021-03-15,55605.2,53271.34,56938.29,56900.75,77986.694355
1308,2021-03-16,56900.74,54123.69,58974.73,58912.97,70421.620841
1309,2021-03-17,58912.97,57023.0,60129.97,57648.16,66580.406675
1310,2021-03-18,57641.0,56270.74,59468.0,58030.01,52392.652961
1311,2021-03-19,58030.01,57820.17,59880.0,58102.28,44476.941776
1312,2021-03-20,58100.02,55450.11,58589.1,57351.56,48564.470274
1313,2021-03-21,57351.56,53650.0,58430.73,54083.25,62581.626169
1314,2021-03-22,54083.25,53000.0,55830.9,54340.89,59789.365427
1315,2021-03-23,54342.8,51700.0,57200.0,52303.65,83537.465021
1316,2021-03-24,52303.66,50427.56,53287.0,51293.78,87400.534538
1317,2021-03-25,51293.78,51214.6,55073.46,55025.59,63813.774692
1318,2021-03-26,55025.59,53950.0,56700.36,55817.14,50105.475055
1319,2021-03-27,55817.14,54691.84,56559.75,55777.63,39050.387511
1320,2021-03-28,55777.65,54800.01,58405.82,57635.47,67857.937398
1321,2021-03-29,57635.46,57071.35,59368.0,58746.57,55122.443122
1322,2021-03-30,58746.57,56769.0,59800.0,58740.55,60975.542666
1323,2021-03-31,58739.46,57935.45,59490.0,58720.44,47415.61722
1324,2021-04-01,58720.45,58428.57,60200.0,58950.01,47382.418781
1325,2021-04-02,58950.01,56880.0,59791.72,57051.94,47409.852113
1326,2021-04-03,57051.95,56388.0,58492.85,58202.01,41314.081973
1327,2021-04-04,58202.01,56777.77,59272.0,59129.99,54258.01579
1328,2021-04-05,59129.99,57413.02,59495.24,57991.15,54201.000727
1329,2021-04-06,57990.03,55473.0,58655.0,55953.45,71228.405659
1330,2021-04-07,55953.44,55700.0,58153.31,58077.52,44283.147019
1331,2021-04-08,58077.52,57654.0,58894.9,58142.54,40831.884911
1332,2021-04-09,58142.55,57900.01,61500.0,59769.13,69906.424117
1333,2021-04-10,59769.13,59232.52,60699.0,60002.43,41156.715391
1334,2021-04-11,59998.8,59350.59,61300.0,59860.0,56375.037117
1335,2021-04-12,59860.01,59805.15,63777.77,63575.0,82848.688746
1336,2021-04-13,63575.01,61301.0,64854.0,62959.53,82616.343993
1337,2021-04-14,62959.53,62020.0,63800.0,63159.98,51649.70034
1338,2021-04-15,63158.74,60000.0,63520.61,61334.8,91764.139884
1339,2021-04-16,61334.81,59580.91,62506.05,60006.66,58912.256128
1340,2021-04-17,60006.67,50931.3,60499.0,56150.01,124882.131824
1341,2021-04-18,56150.01,54221.58,57526.81,55633.14,78229.042267
1342,2021-04-19,55633.14,53329.96,57076.24,56425.0,72744.482151
1343,2021-04-20,56425.0,53536.02,56757.91,53787.63,66984.756909
1344,2021-04-21,53787.62,50500.0,55521.48,51690.96,104656.631337
1345,2021-04-22,51690.95,47500.0,52131.85,51125.14,132230.780719
1346,2021-04-23,51110.56,48657.14,51166.22,50047.84,55361.512573
1347,2021-04-24,50047.84,46930.0,50567.91,49066.77,58255.645004
1348,2021-04-25,49066.76,48753.44,54356.62,54001.39,86310.802124
1349,2021-04-26,54001.38,53222.0,55460.0,55011.97,54064.034675
1350,2021-04-27,55011.97,53813.16,56428.0,54846.22,55130.459015
1351,2021-04-28,54846.23,52330.94,55195.84,53555.0,52486.019455
1352,2021-04-29,53555.0,53013.01,57963.0,57694.27,68578.910045
1353,2021-04-30,57697.25,56956.14,58458.07,57800.37,42600.351836
1354,2021-05-01,57797.35,56035.25,57911.02,56578.21,36812.878863
1355,2021-05-02,56578.21,56435.0,58981.44,57169.39,57649.931286
1356,2021-05-03,57169.39,53046.69,57200.0,53200.01,85324.625903
1357,2021-05-04,53205.05,52900.0,58069.82,57436.11,77263.923439
1358,2021-05-05,57436.11,55200.0,58360.0,56393.68,70181.671908
1359,2021-05-06,56393.68,55241.63,58650.0,57314.75,74542.747829
1360,2021-05-07,57315.49,56900.0,59500.0,58862.05,69709.906028
1361,2021-05-08,58866.53,56235.66,59300.0,58240.84,69806.11991
1362,2021-05-09,58240.83,53400.0,59500.0,55816.14,89586.34925
1363,2021-05-10,55816.14,54370.0,56862.43,56670.02,64329.54055
1364,2021-05-11,56670.02,48600.0,58000.01,49631.32,99842.789836
1365,2021-05-12,49537.15,46000.0,51367.19,49670.97,147332.002121
1366,2021-05-13,49671.92,48799.75,51483.0,49841.45,80082.204306
1367,2021-05-14,49844.16,46555.0,50700.0,46762.99,89437.449359
1368,2021-05-15,46762.99,43825.39,49795.89,46431.5,114269.812775
1369,2021-05-16,46426.83,42001.0,46686.0,43538.04,166657.172736
1370,2021-05-17,43538.02,42250.02,45799.29,42849.78,116979.860784
1371,2021-05-18,42849.78,30000.0,43584.9,36690.09,354347.243161
1372,2021-05-19,36671.23,34850.0,42451.67,40526.64,203017.596923
1373,2021-05-20,40525.39,33488.0,42200.0,37252.01,202100.888258
1374,2021-05-21,37263.35,35200.62,38829.0,37449.73,126542.243689
1375,2021-05-22,37458.51,31111.01,38270.64,34655.25,217136.046593
1376,2021-05-23,34681.44,34031.0,39920.0,38796.29,161630.893971
1377,2021-05-24,38810.99,36419.62,39791.77,38324.72,111996.228404
1378,2021-05-25,38324.72,37800.44,40841.0,39241.91,104780.773396
1379,2021-05-26,39241.92,37134.27,40411.14,38529.98,86547.158794
1380,2021-05-27,38529.99,34684.0,38877.83,35663.49,135377.62972
1381,2021-05-28,35661.79,33632.76,37338.58,34605.15,112663.092689
1382,2021-05-29,34605.15,33379.0,36488.0,35641.27,73535.386967
1383,2021-05-30,35641.26,34153.84,37499.0,37253.81,94160.735289
1384,2021-05-31,37253.82,35666.0,37894.81,36693.09,81234.66377
1385,2021-06-01,36694.85,35920.0,38225.0,37568.68,67587.372495
1386,2021-06-02,37568.68,37170.0,39476.0,39246.79,75889.106011
1387,2021-06-03,39246.78,35555.15,39289.07,36829.0,91317.799245
1388,2021-06-04,36829.15,34800.0,37925.0,35513.2,70459.62149
1389,2021-06-05,35516.07,35222.0,36480.0,35796.31,47650.206637
1390,2021-06-06,35796.31,33300.0,36900.0,33552.79,77574.952573
1391,2021-06-07,33556.96,31000.0,34068.01,33380.81,123251.189037
1392,2021-06-08,33380.8,32396.82,37534.79,37388.05,136607.597517
1393,2021-06-09,37388.05,35782.0,38491.0,36675.72,109527.284943
1394,2021-06-10,36677.83,35936.77,37680.4,37331.98,78466.0053
1395,2021-06-11,37331.98,34600.36,37463.63,35546.11,87717.54999
1396,2021-06-12,35546.12,34757.0,39380.0,39020.57,86921.025555
1397,2021-06-13,39020.56,38730.0,41064.05,40516.29,108522.391949
1398,2021-06-14,40516.28,39506.4,41330.0,40144.04,80679.622838
1399,2021-06-15,40143.8,38116.01,40527.14,38349.01,87771.976937
1400,2021-06-16,38349.0,37365.0,39559.88,38092.97,79541.307119
1401,2021-06-17,38092.97,35129.29,38202.84,35819.84,95228.042935
1402,2021-06-18,35820.48,34803.52,36457.0,35483.72,68712.449461
1403,2021-06-19,35483.72,33336.0,36137.72,35600.16,89878.17085
1404,2021-06-20,35600.17,31251.23,35750.0,31608.93,168778.873159
1405,2021-06-21,31614.12,28805.0,33298.78,32509.56,204208.179762
1406,2021-06-22,32509.56,31683.0,34881.0,33678.07,126966.100563
1407,2021-06-23,33675.07,32286.57,35298.0,34663.09,86625.80426
1408,2021-06-24,34663.08,31275.0,35500.0,31584.45,116061.130356
1409,2021-06-25,31576.09,30151.0,32730.0,32283.65,107820.375287
1410,2021-06-26,32283.65,31973.45,34749.0,34700.34,96613.244211
1411,2021-06-27,34702.49,33862.72,35297.71,34494.89,82222.267819
1412,2021-06-28,34494.89,34225.43,36600.0,35911.73,90788.79622
1413,2021-06-29,35911.72,34017.55,36100.0,35045.0,77152.197634
1414,2021-06-30,35045.0,32711.0,35057.57,33504.69,71708.266112
1415,2021-07-01,33502.33,32699.0,33977.04,33786.55,56172.181378
1416,2021-07-02,33786.54,33316.73,34945.61,34669.13,43044.578641
1417,2021-07-03,34669.12,34357.15,35967.85,35286.51,43703.475789
1418,2021-07-04,35288.13,33125.55,35293.78,33690.14,64123.874245
1419,2021-07-05,33690.15,33532.0,35118.88,34220.01,58210.596349
1420,2021-07-06,34220.02,33777.77,35059.09,33862.12,53807.521675
1421,2021-07-07,33862.11,32077.0,33929.64,32875.71,70136.48032
1422,2021-07-08,32875.71,32261.07,34100.0,33815.81,47153.939899
1423,2021-07-09,33815.81,33004.78,34262.0,33502.87,34761.175468
1424,2021-07-10,33502.87,33306.47,34666.0,34258.99,31572.647448
1425,2021-07-11,34259.0,32658.34,34678.43,33086.63,48181.403762
1426,2021-07-12,33086.94,32202.25,33340.0,32729.77,41126.361008
1427,2021-07-13,32729.12,31550.0,33114.03,32820.02,46777.823484
1428,2021-07-14,32820.03,31133.0,33185.25,31880.0,51639.576353
1429,2021-07-15,31874.49,31020.0,32249.18,31383.87,48499.864154
1430,2021-07-16,31383.86,31164.31,31955.92,31520.07,34012.242132
1431,2021-07-17,31520.07,31108.97,32435.0,31778.56,35923.716186
1432,2021-07-18,31778.57,30407.44,31899.0,30839.65,47340.468499
1433,2021-07-19,30839.65,29278.0,31063.07,29790.35,61034.049017
1434,2021-07-20,29790.34,29482.61,32858.0,32144.51,82796.265128
1435,2021-07-21,32144.51,31708.0,32591.35,32287.83,46148.092433
1436,2021-07-22,32287.58,31924.32,33650.0,33634.09,50112.863626
1437,2021-07-23,33634.1,33401.14,34500.0,34258.14,47977.550138
1438,2021-07-24,34261.51,33851.12,35398.0,35381.02,47852.928313
1439,2021-07-25,35381.02,35205.78,40550.0,37237.6,152452.512724
1440,2021-07-26,37241.33,36383.0,39542.61,39457.87,88397.267015
1441,2021-07-27,39456.61,38772.0,40900.0,40019.56,101344.528441
1442,2021-07-28,40019.57,39200.0,40640.0,40016.48,53998.439283
1443,2021-07-29,40018.49,38313.23,42316.71,42206.37,73602.784805
1444,2021-07-30,42206.36,41000.15,42448.0,41461.83,44849.791012
1445,2021-07-31,41461.84,39422.01,42599.0,39845.44,53953.186326
1446,2021-08-01,39850.27,38690.0,40480.01,39147.82,50837.351954
1447,2021-08-02,39146.86,37642.03,39780.0,38207.05,57117.435853
1448,2021-08-03,38207.04,37508.56,39969.66,39723.18,52329.35243
1449,2021-08-04,39723.17,37332.7,41350.0,40862.46,84343.755621
1450,2021-08-05,40862.46,39853.86,43392.43,42836.87,75753.941347
1451,2021-08-06,42836.87,42446.41,44700.0,44572.54,73396.740808
1452,2021-08-07,44572.54,43261.0,45310.0,43794.37,69329.092698
1453,2021-08-08,43794.36,42779.0,46454.15,46253.4,74587.884845
1454,2021-08-09,46248.87,44589.46,46700.0,45584.99,53814.643421
1455,2021-08-10,45585.0,45341.14,46743.47,45511.0,52734.901977
1456,2021-08-11,45510.67,43770.0,46218.12,44399.0,55266.108781
1457,2021-08-12,44400.06,44217.39,47886.0,47800.0,48239.370431
1458,2021-08-13,47799.99,45971.03,48144.0,47068.51,46114.359022
1459,2021-08-14,47068.5,45500.0,47372.27,46973.82,42110.711334
1460,2021-08-15,46973.82,45660.0,48053.83,45901.29,52480.574014
1461,2021-08-16,45901.3,44376.0,47160.0,44695.95,57039.341629
1462,2021-08-17,44695.95,44203.28,46000.0,44705.29,54099.415985
1463,2021-08-18,44699.37,43927.7,47033.0,46760.62,53411.75392
1464,2021-08-19,46760.62,46622.99,49382.99,49322.47,56850.352228
1465,2021-08-20,49322.47,48222.0,49757.04,48821.87,46745.136584
1466,2021-08-21,48821.88,48050.0,49500.0,49239.22,37007.887795
1467,2021-08-22,49239.22,49029.0,50500.0,49488.85,52462.541954
1468,2021-08-23,49488.85,47600.0,49860.0,47674.01,51014.594748
1469,2021-08-24,47674.01,47126.28,49264.3,48973.32,44655.830342
1470,2021-08-25,48973.32,46250.0,49352.84,46843.87,49371.277774
1471,2021-08-26,46843.86,46348.0,49149.93,49069.9,42068.104965
1472,2021-08-27,49069.9,48346.88,49299.0,48895.35,26681.063786
1473,2021-08-28,48895.35,47762.54,49632.27,48767.83,32652.283473
1474,2021-08-29,48767.84,46853.0,48888.61,46982.91,40288.35083
1475,2021-08-30,46982.91,46700.0,48246.11,47100.89,48645.52737
1476,2021-08-31,47100.89,46512.0,49156.0,48810.52,49904.65528
1477,2021-09-01,48810.51,48584.06,50450.13,49246.64,54410.770538
1478,2021-09-02,49246.63,48316.84,51000.0,49999.14,59025.644157
1479,2021-09-03,49998.0,49370.0,50535.69,49915.64,34664.65959
1480,2021-09-04,49917.54,49450.0,51900.0,51756.88,40544.835873
1481,2021-09-05,51756.88,50969.33,52780.0,52663.9,49249.667081
1482,2021-09-06,52666.2,42843.05,52920.0,46863.73,123048.802719
1483,2021-09-07,46868.57,44412.02,47340.99,46048.31,65069.3152
1484,2021-09-08,46048.31,45513.08,47399.97,46395.14,50651.66002
1485,2021-09-09,46395.14,44132.29,47033.0,44850.91,49048.26618
1486,2021-09-10,44842.2,44722.22,45987.93,45173.69,30440.4081
1487,2021-09-11,45173.68,44742.06,46460.0,46025.24,32094.28052
1488,2021-09-12,46025.23,43370.0,46880.0,44940.73,65429.15056
1489,2021-09-13,44940.72,44594.44,47250.0,47111.52,44855.85099
1490,2021-09-14,47103.28,46682.32,48500.0,48121.41,43204.71174
1491,2021-09-15,48121.4,47021.1,48557.0,47737.82,40725.08895
1492,2021-09-16,47737.81,46699.56,48150.0,47299.98,34461.92776
1493,2021-09-17,47299.98,47035.56,48843.2,48292.74,30906.47038
1494,2021-09-18,48292.75,46829.18,48372.83,47241.75,29847.24349
1495,2021-09-19,47241.75,42500.0,47347.25,43015.62,78003.524443
1496,2021-09-20,43016.64,39600.0,43639.0,40734.38,84534.080485
1497,2021-09-21,40734.09,40565.39,44000.55,43543.61,58349.05542
1498,2021-09-22,43546.37,43069.09,44978.0,44865.26,48699.57655
1499,2021-09-23,44865.26,40675.0,45200.0,42810.57,84113.426292
1500,2021-09-24,42810.58,41646.28,42966.84,42670.64,33594.57189
1501,2021-09-25,42670.63,40750.0,43950.0,43160.9,49879.99765
1502,2021-09-26,43160.9,42098.0,44350.0,42147.35,39776.84383
1503,2021-09-27,42147.35,40888.0,42787.38,41026.54,43372.2624
1504,2021-09-28,41025.01,40753.88,42590.0,41524.28,33511.53487
1505,2021-09-29,41524.29,41410.17,44141.37,43824.1,46381.22781
1506,2021-09-30,43820.01,43283.03,48495.0,48141.61,66244.87492
1507,2021-10-01,48141.6,47430.18,48336.59,47634.9,30508.98131
1508,2021-10-02,47634.89,47088.0,49228.08,48200.01,30825.05601
1509,2021-10-03,48200.01,46891.0,49536.12,49224.94,46796.49372
1510,2021-10-04,49224.93,49022.4,51886.3,51471.99,52125.66793
1511,2021-10-05,51471.99,50382.41,55750.0,55315.0,79877.545181
1512,2021-10-06,55315.0,53357.0,55332.31,53785.22,54917.37766
1513,2021-10-07,53785.22,53617.61,56100.0,53951.43,46160.25785
1514,2021-10-08,53955.67,53661.67,55489.0,54949.72,55177.08013
1515,2021-10-09,54949.72,54080.0,56561.31,54659.0,89237.836128
1516,2021-10-10,54659.01,54415.06,57839.04,57471.35,52933.165751
1517,2021-10-11,57471.35,56588.0,57471.35,56999.12,4288.48664
